systemic_crisis,sovereign_external_debt_default,inflation_crises,inflation_annual_cpi,year,domestic_debt_in_default,banking_crisis
0.0,0.0,0.0,0.1785163955103072,0.8311688311688314,0.0,0.0
0.0,0.0,0.0,-1.3985372368788165,0.29220779220779214,0.0,0.0
0.0,0.0,0.0,-0.13283910643303584,0.4740259740259738,0.0,0.0
0.0,0.0,0.0,0.14251588782532243,0.7532467532467528,0.0,0.0
0.0,0.0,0.0,-0.3126857873735058,0.4870129870129869,0.0,0.0
0.0,0.0,0.0,0.0804227561633807,0.8701298701298708,0.0,0.0
0.0,0.0,0.0,-0.03822642272751073,0.7922077922077921,0.0,0.0
0.0,0.0,0.0,0.14094277669834443,0.7467532467532472,0.0,0.0
0.0,0.0,0.0,-0.07379228322633917,0.6103896103896105,0.0,0.0
0.0,0.0,0.0,-0.03677386593022046,0.7142857142857153,0.0,0.0
0.0,0.0,0.0,-0.02573695935605046,0.9025974025974026,0.0,0.0
0.0,0.0,0.0,-0.44114145709259234,0.30519480519480524,0.0,0.0
0.0,0.0,0.0,-0.03822642272751073,0.9675324675324681,0.0,0.0
0.0,0.0,0.0,0.23163035755395575,0.324675324675324,0.0,0.0
0.0,0.0,0.0,-0.2170372574997907,0.6038961038961048,0.0,0.0
0.0,0.0,0.0,-1.0480192625526223,0.2857142857142865,0.0,0.0
0.0,0.0,0.0,-0.03822642272751073,0.35714285714285765,0.0,0.0
0.0,0.0,0.0,-0.03822642272751073,0.8506493506493502,0.0,0.0
0.0,1.0,0.0,0.24808142714208203,0.8116883116883127,0.0,0.0
0.0,0.0,0.0,-0.03822642272751073,0.5584415584415581,0.0,0.0
0.0,0.0,0.0,-0.032792261880520895,0.9805194805194812,0.0,0.0
0.0,0.0,0.0,-1.5139586569557528,0.2987012987012996,0.0,0.0
0.0,0.0,0.0,-0.34498110727589576,0.4415584415584419,0.0,0.0
0.0,0.0,0.0,-0.07233171771091927,0.545454545454545,0.0,0.0
0.0,0.0,0.0,0.1294246070124066,0.7337662337662341,0.0,0.0
0.0,0.0,0.0,-0.03822642272751073,0.7597402597402603,0.0,1.0
0.0,0.0,0.0,-0.08741212691489665,0.6818181818181817,0.0,0.0
0.0,0.0,0.0,-0.8211647088462896,0.4025974025974026,0.0,0.0
0.0,0.0,0.0,0.20873080188733645,0.8441558441558445,0.0,0.0
0.0,0.0,0.0,-0.08165599398050088,0.6883116883116891,0.0,0.0
0.0,0.0,0.0,-0.07504480764200669,0.7077922077922079,0.0,0.0
0.0,0.0,0.0,-0.020368011868684616,0.9090909090909101,0.0,0.0
0.0,0.0,0.0,-1.7527370607282837,0.27922077922077904,0.0,0.0
0.0,0.0,1.0,0.5576607613607937,0.3896103896103895,0.0,0.0
0.0,0.0,0.0,-0.03822642272751073,0.3506493506493502,0.0,0.0
0.0,0.0,0.0,-0.03827966838742196,0.31818181818181834,0.0,0.0
0.0,0.0,0.0,-0.15662121028838694,0.6233766233766236,0.0,0.0
0.0,0.0,0.0,0.04856098322622778,0.5909090909090917,0.0,0.0
0.0,0.0,0.0,-0.06402420896385344,0.25974025974026027,0.0,0.0
0.0,0.0,0.0,-0.03822642272751073,0.5779220779220786,0.0,0.0
0.0,0.0,0.0,-0.4368603216681307,0.4285714285714288,0.0,0.0
0.0,0.0,0.0,0.0005313316172157952,0.5259740259740262,0.0,0.0
0.0,0.0,0.0,0.07737963384122953,0.8766233766233764,0.0,0.0
0.0,0.0,0.0,-0.21820205009676352,0.40909090909091006,0.0,0.0
0.0,0.0,0.0,0.19562093544220402,0.8571428571428577,0.0,0.0
0.0,0.0,0.0,0.026196629221803068,0.5844155844155843,0.0,0.0
0.0,0.0,0.0,-0.8235437855981032,0.4610389610389607,0.0,0.0
0.0,0.0,0.0,-0.03822642272751073,0.5714285714285712,0.0,0.0
0.0,0.0,0.0,-1.1101534978596892,0.46753246753246813,0.0,0.0
0.0,0.0,0.0,-0.27192479582849,0.4155844155844157,0.0,0.0
0.0,0.0,0.0,-0.0911904723780429,0.9415584415584419,0.0,0.0
0.0,0.0,0.0,-0.18940290391774714,0.34415584415584455,0.0,0.0
0.0,0.0,0.0,0.06996198565886591,0.7272727272727266,0.0,0.0
0.0,0.0,0.0,0.13926031908988867,0.8051948051948052,0.0,0.0
0.0,0.0,0.0,0.07638746366877681,0.5324675324675319,0.0,0.0
0.0,0.0,0.0,-0.04345521036366665,0.9480519480519476,0.0,0.0
0.0,0.0,0.0,-0.011822605139538601,0.5,0.0,0.0
0.0,0.0,0.0,0.2076714047289783,0.779220779220779,0.0,0.0
0.0,0.0,0.0,0.16373989822856197,0.7662337662337659,0.0,1.0
0.0,0.0,0.0,-0.4456242711116404,0.3116883116883127,0.0,0.0
0.0,0.0,0.0,-0.21653537487368527,0.6428571428571423,0.0,0.0
0.0,0.0,0.0,-0.30049503520783494,0.5064935064935074,0.0,0.0
0.0,0.0,0.0,-0.09632049741220389,0.6298701298701292,0.0,0.0
0.0,0.0,0.0,-0.21797225079041269,0.5519480519480524,0.0,0.0
0.0,0.0,0.0,-0.011302475405483474,0.9870129870129869,0.0,0.0
0.0,0.0,0.0,0.1476391308263124,0.9610389610389607,0.0,0.0
0.0,0.0,0.0,0.20035407814697026,0.7727272727272734,0.0,0.0
0.0,0.0,0.0,-0.13215994188332195,0.2727272727272734,0.0,0.0
0.0,0.0,0.0,0.23883684651012024,0.7857142857142865,0.0,0.0
0.0,0.0,0.0,-0.009831437570209729,0.9155844155844157,0.0,0.0
0.0,0.0,0.0,-0.18543123002192166,0.6623376623376629,0.0,0.0
0.0,0.0,0.0,-0.03400112396223361,0.5389610389610393,0.0,0.0
0.0,0.0,0.0,-0.1362474759153283,0.4350649350649345,0.0,0.0
0.0,0.0,0.0,0.026082719136221524,0.896103896103897,0.0,0.0
0.0,0.0,0.0,-0.058676447965100985,0.9740259740259738,0.0,0.0
0.0,0.0,0.0,0.0903636852903052,0.26623376623376593,0.0,0.0
0.0,0.0,0.0,-0.03822642272751073,0.49350649350649434,0.0,0.0
0.0,1.0,0.0,-0.03822642272751073,0.8376623376623371,0.0,1.0
0.0,1.0,0.0,0.24794167766922115,0.824675324675324,0.0,0.0
0.0,0.0,0.0,-0.43453849290092056,0.4220779220779214,0.0,0.0
0.0,0.0,0.0,-0.42776414373832694,0.48051948051948123,0.0,0.0
0.0,1.0,0.0,0.29721481667291455,0.8181818181818183,0.0,0.0
0.0,0.0,0.0,-0.10046993694002661,0.6363636363636367,0.0,0.0
0.0,0.0,0.0,-0.17185649699279756,0.6493506493506498,0.0,0.0
0.0,0.0,0.0,-0.5498888023485912,0.45454545454545503,0.0,0.0
0.0,0.0,0.0,0.10780860830514455,0.37012987012987075,0.0,0.0
0.0,0.0,0.0,0.039099661043197176,0.8831168831168839,0.0,0.0
0.0,0.0,0.0,-0.03822642272751073,0.38311688311688386,0.0,0.0
0.0,0.0,0.0,0.021149712444393075,0.720779220779221,0.0,0.0
0.0,0.0,0.0,-0.06284414868131284,0.675324675324676,0.0,0.0
0.0,0.0,0.0,-0.18184870273974693,0.9350649350649345,0.0,0.0
0.0,0.0,0.0,-0.16597022805829326,0.6168831168831161,0.0,0.0
0.0,0.0,0.0,0.17170699027396796,0.7987012987012996,0.0,0.0
0.0,0.0,0.0,-0.0707884888462838,0.5194805194805188,0.0,0.0
0.0,0.0,0.0,-0.06806151781585851,0.33116883116883145,0.0,0.0
0.0,0.0,0.0,-0.006071815952097397,0.3636363636363633,0.0,0.0
0.0,0.0,0.0,0.029880252314983046,0.3766233766233764,0.0,0.0
0.0,0.0,0.0,0.03246168436654424,0.954545454545455,0.0,0.0
0.0,0.0,0.0,-4.767423572712738,0.39610389610389696,0.0,0.0
0.0,0.0,0.0,-0.03822642272751073,0.9935064935064943,0.0,0.0
0.0,0.0,0.0,-0.2033759707898544,0.6688311688311686,0.0,0.0
0.0,0.0,0.0,-0.14412958544036425,0.6948051948051948,0.0,0.0
0.0,0.0,0.0,-0.10515857884546057,0.7012987012987022,0.0,0.0
0.0,0.0,0.0,-0.21205479773221828,0.5129870129870131,0.0,0.0
0.0,0.0,0.0,0.07509215946000901,0.8896103896103895,0.0,0.0
0.0,0.0,0.0,-0.14749793753401635,0.6558441558441555,0.0,0.0
0.0,0.0,1.0,0.42896410372496446,0.7857142857142865,0.0,0.0
0.0,0.0,0.0,-0.1276505858944483,0.9675324675324681,0.0,0.0
0.0,0.0,0.0,-0.15754837934491678,0.6493506493506498,0.0,0.0
0.0,0.0,0.0,0.19425826177352257,0.8376623376623371,0.0,0.0
0.0,0.0,0.0,-0.059650310916457755,0.9090909090909101,0.0,0.0
0.0,0.0,0.0,-0.03611112995432292,0.9870129870129869,0.0,0.0
0.0,0.0,1.0,0.527618109253876,0.779220779220779,0.0,0.0
0.0,0.0,1.0,0.5126947824602385,0.5714285714285712,0.0,0.0
0.0,0.0,0.0,0.22791102258819115,0.7467532467532472,0.0,0.0
0.0,0.0,1.0,0.38595690816770173,0.7402597402597397,0.0,0.0
0.0,0.0,0.0,-0.10960871550261453,0.6948051948051948,0.0,0.0
0.0,0.0,0.0,-0.32941455240471906,0.6558441558441555,0.0,0.0
0.0,0.0,0.0,-0.15673045264226676,0.720779220779221,0.0,0.0
0.0,0.0,0.0,-0.2268244015448558,0.6363636363636367,0.0,0.0
0.0,0.0,0.0,0.12788842748242066,0.8441558441558445,0.0,0.0
0.0,0.0,1.0,0.33488403505046055,0.7337662337662341,0.0,0.0
0.0,0.0,0.0,-0.2710030433245632,0.7142857142857153,0.0,0.0
0.0,0.0,0.0,0.12920355923590285,0.7532467532467528,0.0,0.0
0.0,0.0,0.0,0.016587641069645536,0.8831168831168839,0.0,1.0
0.0,0.0,0.0,0.22960847771780862,0.8636363636363633,0.0,0.0
0.0,0.0,0.0,-0.10997624156022101,0.9740259740259738,0.0,0.0
0.0,0.0,0.0,0.026082719136221524,0.9025974025974026,0.0,0.0
0.0,0.0,0.0,-0.2022893300279801,0.5779220779220786,0.0,0.0
0.0,0.0,0.0,-0.11296817942175591,0.6233766233766236,0.0,0.0
0.0,0.0,0.0,0.1054292821640473,0.7597402597402603,0.0,0.0
0.0,0.0,0.0,0.04286804833926416,0.7987012987012996,0.0,0.0
0.0,0.0,0.0,-0.10791395754334303,0.7077922077922079,0.0,0.0
0.0,0.0,0.0,-0.22067645053714308,0.824675324675324,0.0,0.0
0.0,0.0,0.0,-0.01545500901661454,0.8051948051948052,0.0,0.0
0.0,0.0,0.0,-0.07656847519036482,1.0,0.0,0.0
0.0,0.0,0.0,-0.15962027405556237,0.675324675324676,0.0,0.0
0.0,0.0,0.0,0.17684891147491233,0.8506493506493502,0.0,0.0
0.0,0.0,0.0,0.06697765175972029,0.8116883116883127,0.0,0.0
0.0,0.0,0.0,-0.2998275181438691,0.6168831168831161,0.0,0.0
0.0,0.0,0.0,-0.0218211326496748,0.7012987012987022,0.0,0.0
0.0,0.0,0.0,-0.05584121484155638,0.8181818181818183,0.0,0.0
0.0,0.0,0.0,-0.1632408049738232,0.6688311688311686,0.0,0.0
0.0,0.0,0.0,-0.019812017809998354,0.9155844155844157,0.0,0.0
0.0,0.0,0.0,-0.20620767558447875,0.6103896103896105,0.0,0.0
0.0,0.0,1.0,0.3762189637685164,0.7727272727272734,0.0,0.0
0.0,0.0,0.0,0.015774894508900076,0.9805194805194812,0.0,0.0
0.0,0.0,0.0,-0.33003579428372454,0.6428571428571423,0.0,0.0
0.0,0.0,0.0,-0.3316836990016949,0.6038961038961048,0.0,0.0
0.0,0.0,0.0,-0.36366476799539127,0.6298701298701292,0.0,0.0
0.0,0.0,0.0,-0.06324273877526343,0.9935064935064943,0.0,0.0
0.0,0.0,0.0,0.028050659733433576,0.8571428571428577,0.0,0.0
0.0,0.0,0.0,0.13857611449670118,0.5909090909090917,0.0,0.0
0.0,0.0,0.0,-1.970273830898273,0.5649350649350655,0.0,0.0
0.0,0.0,0.0,0.024193338095770747,0.896103896103897,0.0,0.0
0.0,0.0,0.0,-0.10777589885795741,0.6883116883116891,0.0,0.0
0.0,0.0,0.0,0.18934570239229576,0.7922077922077921,0.0,0.0
0.0,0.0,0.0,-0.03546554368071156,0.9415584415584419,0.0,0.0
0.0,0.0,0.0,0.00045277847363434104,0.8766233766233764,0.0,0.0
0.0,0.0,0.0,-0.08312979771056116,0.8311688311688314,0.0,0.0
0.0,0.0,0.0,-0.21573153653782848,0.6623376623376629,0.0,0.0
0.0,0.0,0.0,0.02487321905451206,0.8896103896103895,0.0,0.0
0.0,0.0,0.0,0.08050190387755023,0.954545454545455,0.0,0.0
0.0,0.0,0.0,-0.07060705268921248,0.9285714285714288,0.0,0.0
0.0,0.0,0.0,-0.03601324919339175,0.5844155844155843,0.0,0.0
0.0,0.0,0.0,0.08321204779038491,0.9480519480519476,0.0,0.0
0.0,0.0,0.0,-0.04293600136217859,0.9350649350649345,0.0,0.0
0.0,0.0,0.0,-0.1540345250565282,0.5974025974025974,0.0,0.0
0.0,0.0,0.0,-1.4592671314397716,0.4610389610389607,0.0,0.0
0.0,0.0,0.0,0.12046494742196406,0.7922077922077921,0.0,0.0
0.0,0.0,1.0,0.6424663600794571,0.8571428571428577,0.0,0.0
0.0,1.0,0.0,-0.10600723559796307,0.720779220779221,1.0,0.0
1.0,1.0,1.0,3.631912663361382,0.9285714285714288,1.0,1.0
0.0,0.0,0.0,-0.11029504160195723,0.5649350649350655,0.0,0.0
0.0,0.0,0.0,4.531292309785457,0.5844155844155843,0.0,0.0
0.0,0.0,0.0,-0.10727995768191319,0.5194805194805188,0.0,0.0
0.0,0.0,0.0,-0.1283545806523352,0.675324675324676,0.0,0.0
0.0,0.0,1.0,0.389310683766921,0.8506493506493502,0.0,0.0
0.0,0.0,1.0,0.37594672637461257,0.7987012987012996,0.0,0.0
0.0,0.0,0.0,0.005399921964262945,0.5,0.0,0.0
0.0,0.0,0.0,-0.026070418103025562,0.5584415584415581,0.0,0.0
0.0,0.0,0.0,-4.473241037556142,0.39610389610389696,0.0,0.0
0.0,0.0,0.0,0.0027786031408022173,0.5389610389610393,0.0,0.0
0.0,1.0,0.0,0.06450465272462713,0.7662337662337659,1.0,0.0
0.0,1.0,0.0,0.11693560957092268,0.7597402597402603,1.0,0.0
0.0,0.0,0.0,-0.6410963943214429,0.5064935064935074,0.0,0.0
0.0,1.0,0.0,0.1359719870526247,0.7532467532467528,1.0,0.0
0.0,0.0,0.0,-0.10826095290145327,0.6298701298701292,0.0,0.0
0.0,0.0,0.0,-0.012963752203134768,0.5324675324675319,0.0,0.0
0.0,0.0,0.0,0.18531763948757607,0.7857142857142865,0.0,0.0
0.0,0.0,0.0,4.531292309785457,0.4740259740259738,0.0,0.0
0.0,1.0,0.0,-0.13436091456946522,0.6948051948051948,1.0,0.0
0.0,1.0,0.0,0.17093866363680826,0.7727272727272734,1.0,0.0
0.0,0.0,0.0,-0.788298216467793,0.46753246753246813,0.0,0.0
0.0,1.0,0.0,-0.03549949616326285,0.9805194805194812,1.0,0.0
0.0,0.0,0.0,4.531292309785457,0.6623376623376629,0.0,0.0
0.0,1.0,0.0,-0.18215178118464836,0.7012987012987022,1.0,0.0
0.0,1.0,0.0,0.11076816525184448,0.7467532467532472,1.0,0.0
0.0,0.0,0.0,-0.1303567606019697,0.6493506493506498,0.0,0.0
0.0,1.0,0.0,-0.10203685138377817,0.6883116883116891,1.0,0.0
0.0,1.0,0.0,0.01788181254649959,0.7402597402597397,1.0,0.0
1.0,0.0,0.0,0.25204816334628266,0.8831168831168839,0.0,1.0
0.0,0.0,0.0,0.04138705541747412,0.8311688311688314,0.0,0.0
0.0,0.0,0.0,-0.11117032784918625,0.6558441558441555,0.0,0.0
0.0,0.0,1.0,0.34001935094631514,0.8701298701298708,0.0,0.0
0.0,0.0,0.0,0.06640856281096069,0.8116883116883127,0.0,0.0
0.0,0.0,0.0,0.028793722411327445,0.5909090909090917,0.0,0.0
0.0,0.0,0.0,-0.07579756687684827,0.5779220779220786,0.0,0.0
0.0,1.0,0.0,4.531292309785457,0.9935064935064943,1.0,0.0
0.0,1.0,0.0,-0.24422750193448942,0.7077922077922079,1.0,0.0
1.0,0.0,1.0,0.32132686509657965,0.8896103896103895,0.0,1.0
0.0,0.0,0.0,-0.37335969789261814,0.48051948051948123,0.0,0.0
0.0,0.0,0.0,0.09511341156481258,0.5714285714285712,0.0,0.0
0.0,0.0,0.0,-0.07630132432155183,0.5259740259740262,0.0,0.0
0.0,0.0,0.0,0.21324564270064605,0.8181818181818183,0.0,0.0
1.0,0.0,1.0,0.7043860913713506,0.896103896103897,0.0,1.0
0.0,1.0,0.0,-0.07853952742787146,0.9870129870129869,1.0,0.0
0.0,0.0,0.0,-0.08423147889579037,0.6363636363636367,0.0,0.0
1.0,1.0,1.0,3.5877494816218496,0.9415584415584419,1.0,1.0
1.0,1.0,1.0,0.8034291081360643,0.9090909090909101,1.0,1.0
0.0,0.0,0.0,-0.27192479582849,0.4480519480519476,0.0,0.0
1.0,1.0,1.0,5.520809766086423,0.9480519480519476,1.0,1.0
0.0,0.0,0.0,-0.19903792031151712,0.6688311688311686,0.0,0.0
0.0,0.0,0.0,-0.20920444442741468,0.5129870129870131,0.0,0.0
0.0,0.0,0.0,-0.21274731161316482,0.4350649350649345,0.0,0.0
0.0,1.0,0.0,-0.10266002787260811,0.7337662337662341,1.0,0.0
0.0,0.0,1.0,0.45621786918042256,0.8636363636363633,0.0,0.0
0.0,0.0,0.0,-0.1209492841851337,0.5519480519480524,0.0,0.0
0.0,0.0,0.0,-3.3568581267453257,0.4025974025974026,0.0,0.0
0.0,0.0,0.0,0.06315247784958768,0.5974025974025974,0.0,0.0
0.0,0.0,0.0,-0.27192479582849,0.6103896103896105,0.0,0.0
0.0,0.0,0.0,-0.1216990796784152,0.6428571428571423,0.0,0.0
1.0,1.0,1.0,4.531292309785457,0.9220779220779214,1.0,1.0
0.0,0.0,0.0,-0.37456246807581617,0.49350649350649434,0.0,0.0
0.0,0.0,0.0,0.2716145377444373,0.8441558441558445,0.0,0.0
1.0,1.0,0.0,-1.6137354516467226,0.9675324675324681,1.0,1.0
0.0,1.0,0.0,-0.14704966619057033,0.7142857142857153,1.0,0.0
0.0,0.0,0.0,-0.10703271539657004,0.545454545454545,0.0,0.0
0.0,0.0,0.0,-0.83529482658746,0.40909090909091006,0.0,0.0
0.0,0.0,0.0,-0.2131795584556875,0.4415584415584419,0.0,0.0
0.0,0.0,0.0,-0.27192479582849,0.4870129870129869,0.0,0.0
0.0,0.0,0.0,4.531292309785457,0.6233766233766236,0.0,0.0
1.0,1.0,1.0,1.4792602574113063,0.9350649350649345,1.0,1.0
1.0,0.0,1.0,0.41876161210109053,0.8766233766233764,0.0,1.0
0.0,0.0,0.0,0.16975071520320623,0.824675324675324,0.0,0.0
0.0,1.0,0.0,0.035647933606583526,0.779220779220779,1.0,0.0
1.0,1.0,1.0,1.324792057663388,0.9155844155844157,1.0,1.0
0.0,1.0,0.0,-0.11329294346107108,0.7272727272727266,1.0,0.0
0.0,0.0,0.0,0.17647032226622814,0.8376623376623371,0.0,0.0
0.0,0.0,0.0,-1.0216898750485968,0.45454545454545503,0.0,0.0
1.0,0.0,1.0,0.8223208785927849,0.9025974025974026,0.0,1.0
0.0,0.0,0.0,0.05297117100289604,1.0,0.0,0.0
0.0,0.0,0.0,0.12667812275145762,0.954545454545455,0.0,0.0
0.0,0.0,0.0,0.01144528016301156,0.5909090909090917,0.0,0.0
0.0,0.0,0.0,-0.07915945929856884,0.6103896103896105,0.0,0.0
0.0,0.0,0.0,-0.3126936438780788,0.6688311688311686,0.0,0.0
0.0,0.0,0.0,0.37411882839243227,0.7532467532467528,0.0,0.0
0.0,0.0,0.0,-0.08423147889579037,0.6168831168831161,0.0,0.0
0.0,0.0,1.0,0.4234104770960186,0.9090909090909101,0.0,0.0
0.0,0.0,0.0,-0.05198307497441416,0.5844155844155843,0.0,0.0
0.0,0.0,0.0,0.10044671472167493,0.7727272727272734,0.0,0.0
0.0,0.0,0.0,-0.04090362536810918,0.7272727272727266,0.0,0.0
0.0,0.0,0.0,-0.06804984003529002,0.5974025974025974,0.0,0.0
0.0,0.0,0.0,0.015646502404443076,0.720779220779221,0.0,0.0
1.0,0.0,1.0,0.6613015422653261,0.8831168831168839,0.0,1.0
0.0,0.0,0.0,0.28251491387805605,0.9350649350649345,0.0,0.0
0.0,0.0,0.0,-0.18336549516297102,0.6623376623376629,0.0,0.0
0.0,1.0,1.0,0.3204956027559689,0.8051948051948052,0.0,0.0
0.0,0.0,0.0,0.2892521714779654,0.9415584415584419,0.0,0.0
0.0,0.0,0.0,0.12801241209663586,0.7012987012987022,0.0,0.0
0.0,1.0,1.0,1.8134816878994864,0.8636363636363633,0.0,0.0
0.0,1.0,1.0,1.3046711979035752,0.8441558441558445,0.0,0.0
0.0,0.0,0.0,-0.11633525173215371,0.545454545454545,0.0,0.0
0.0,1.0,1.0,0.7093856087424066,0.824675324675324,0.0,0.0
0.0,0.0,0.0,0.029195258133462534,0.9935064935064943,0.0,0.0
0.0,1.0,1.0,1.2083131969919798,0.8506493506493502,0.0,0.0
0.0,0.0,0.0,0.1895202517793981,0.9675324675324681,0.0,0.0
0.0,1.0,1.0,0.7968841475021646,0.8701298701298708,0.0,0.0
0.0,0.0,0.0,0.07180277282530677,0.9740259740259738,0.0,0.0
0.0,1.0,1.0,1.446981529263081,0.8376623376623371,0.0,0.0
0.0,0.0,0.0,-0.25987276640580875,0.6558441558441555,0.0,0.0
0.0,0.0,0.0,-0.14731538504785227,0.6428571428571423,0.0,0.0
0.0,0.0,0.0,0.055298077449416866,0.5584415584415581,0.0,0.0
0.0,0.0,0.0,-0.08880796802407788,0.6493506493506498,0.0,0.0
0.0,0.0,0.0,-0.11953930620326624,0.5519480519480524,0.0,0.0
0.0,0.0,0.0,-0.07377609447111873,0.6038961038961048,0.0,0.0
0.0,1.0,1.0,0.7989522523397036,0.8181818181818183,0.0,0.0
0.0,0.0,0.0,0.1165949373353317,0.6883116883116891,0.0,0.0
0.0,0.0,0.0,0.16963809509897315,0.7922077922077921,0.0,0.0
0.0,1.0,1.0,1.7033269030908305,0.8571428571428577,0.0,0.0
0.0,0.0,0.0,-0.1027901297383817,0.6233766233766236,0.0,0.0
0.0,0.0,0.0,0.37411882839243227,0.779220779220779,0.0,0.0
0.0,0.0,0.0,-0.12554066495023816,0.7142857142857153,0.0,0.0
0.0,0.0,0.0,0.017248809871582522,0.9870129870129869,0.0,0.0
0.0,0.0,0.0,0.2025834004459869,0.7857142857142865,0.0,0.0
0.0,0.0,0.0,-0.099795564027559,0.6298701298701292,0.0,0.0
0.0,0.0,0.0,-0.10690879241546775,0.675324675324676,0.0,0.0
1.0,0.0,1.0,0.3960771782401172,0.8896103896103895,0.0,1.0
0.0,0.0,0.0,-0.12731366814968867,0.7077922077922079,0.0,0.0
0.0,1.0,0.0,0.3145650592744856,0.7987012987012996,0.0,0.0
0.0,0.0,0.0,0.014794856305127266,0.7337662337662341,0.0,0.0
0.0,0.0,1.0,0.35959892968331353,0.9220779220779214,0.0,0.0
0.0,1.0,1.0,0.5881154672064215,0.8116883116883127,0.0,0.0
0.0,0.0,0.0,0.05618697895498658,0.7402597402597397,0.0,0.0
0.0,0.0,0.0,0.0854903117000769,0.9480519480519476,0.0,0.0
0.0,0.0,0.0,0.2478029055636488,0.7662337662337659,0.0,0.0
0.0,0.0,0.0,0.11478868616916198,0.7467532467532472,0.0,0.0
0.0,0.0,0.0,0.16860101361041105,0.9610389610389607,0.0,0.0
0.0,0.0,0.0,-0.03238015171311588,0.6948051948051948,0.0,0.0
0.0,0.0,0.0,0.3170297037642744,0.7597402597402603,0.0,0.0
0.0,1.0,1.0,0.37411882839243227,0.8311688311688314,0.0,0.0
0.0,0.0,0.0,-0.11298239999776882,0.5389610389610393,0.0,0.0
0.0,0.0,1.0,0.34504903972329554,0.9285714285714288,0.0,0.0
0.0,0.0,1.0,0.3442960856534564,0.9155844155844157,0.0,0.0
0.0,0.0,0.0,-0.14731538504785227,0.5,0.0,0.0
0.0,0.0,1.0,1.6666718394269846,0.7727272727272734,0.0,0.0
0.0,0.0,0.0,0.19152410749242815,0.9805194805194812,0.0,0.0
0.0,0.0,0.0,-0.37579319240424314,0.49350649350649434,0.0,0.0
0.0,0.0,0.0,0.2814008088241496,0.5324675324675319,0.0,0.0
0.0,0.0,0.0,-0.1005785781628867,0.6233766233766236,0.0,0.0
0.0,0.0,0.0,-1.9920261516110407,0.4415584415584419,0.0,0.0
0.0,0.0,0.0,-0.036112463513816494,0.5584415584415581,0.0,0.0
0.0,0.0,1.0,1.6666718394269846,0.779220779220779,0.0,0.0
0.0,0.0,0.0,-1.086651522206042,0.45454545454545503,0.0,0.0
0.0,0.0,0.0,0.19967838852073616,0.5194805194805188,0.0,0.0
0.0,0.0,0.0,-0.13735942155141997,0.4740259740259738,0.0,0.0
0.0,0.0,0.0,-0.8367947772377866,0.6103896103896105,0.0,0.0
0.0,0.0,0.0,0.16896193766709713,0.9610389610389607,0.0,0.0
0.0,1.0,1.0,1.6169651047580569,0.9155844155844157,1.0,0.0
0.0,0.0,1.0,1.0594490236142864,0.7532467532467528,1.0,0.0
0.0,0.0,0.0,-0.1512576009360179,0.6558441558441555,0.0,0.0
0.0,0.0,0.0,-1.4650068411000252,0.4285714285714288,0.0,0.0
0.0,0.0,1.0,0.44410020861182165,0.7402597402597397,0.0,0.0
0.0,1.0,1.0,2.0367713876455604,0.8896103896103895,1.0,1.0
0.0,0.0,1.0,0.7264155479293326,0.7662337662337659,0.0,0.0
0.0,1.0,1.0,5.746005495686408,0.8636363636363633,1.0,1.0
0.0,1.0,1.0,1.6666718394269846,0.896103896103897,1.0,1.0
0.0,0.0,1.0,0.4684119448492729,0.7467532467532472,0.0,0.0
0.0,0.0,0.0,0.052044931345430735,0.545454545454545,0.0,0.0
0.0,0.0,0.0,-0.06804984003529002,0.5844155844155843,0.0,0.0
0.0,0.0,0.0,-8.382066419547325,0.4220779220779214,0.0,0.0
0.0,0.0,0.0,-0.01838346587501722,0.4870129870129869,0.0,0.0
0.0,0.0,0.0,-1.0318580229588288,0.4480519480519476,0.0,0.0
0.0,0.0,0.0,0.1876194245642222,0.9480519480519476,0.0,0.0
0.0,0.0,0.0,-0.27192479582849,0.6038961038961048,0.0,0.0
0.0,0.0,0.0,-0.004048867443530727,0.6623376623376629,0.0,0.0
0.0,0.0,0.0,-0.10191298690686171,0.5974025974025974,0.0,0.0
0.0,0.0,0.0,-0.14931999814087527,0.5064935064935074,0.0,0.0
0.0,1.0,1.0,1.2994074726799572,0.9220779220779214,1.0,0.0
0.0,0.0,0.0,-0.3710343682477682,0.6493506493506498,0.0,0.0
0.0,1.0,1.0,8.178101629658377,0.8766233766233764,1.0,1.0
0.0,0.0,0.0,0.16407129154450895,0.954545454545455,0.0,0.0
0.0,0.0,0.0,1.6666718394269846,0.7142857142857153,0.0,0.0
0.0,0.0,0.0,-1.6191224044924615,0.5909090909090917,0.0,0.0
0.0,0.0,0.0,0.21282501535206447,0.9740259740259738,0.0,0.0
0.0,0.0,0.0,0.07931342176619326,0.9935064935064943,0.0,0.0
0.0,0.0,1.0,0.37191170206368035,0.9415584415584419,0.0,0.0
0.0,0.0,0.0,0.19298817036175858,0.5649350649350655,0.0,0.0
0.0,0.0,0.0,-0.20368018839471894,0.5129870129870131,0.0,0.0
0.0,0.0,0.0,1.6666718394269846,0.6168831168831161,0.0,0.0
0.0,0.0,1.0,0.6670824956183647,0.9350649350649345,0.0,0.0
0.0,1.0,1.0,1.2136651471765656,0.9285714285714288,0.0,0.0
0.0,1.0,1.0,2.5596182863977726,0.9090909090909101,1.0,0.0
0.0,1.0,1.0,2.181827901954807,0.9025974025974026,1.0,0.0
0.0,0.0,0.0,-0.27192479582849,0.6428571428571423,0.0,0.0
0.0,1.0,1.0,10.30248438684151,0.8831168831168839,1.0,1.0
0.0,0.0,0.0,-0.15029695564117257,0.6363636363636367,0.0,0.0
0.0,0.0,0.0,0.239994724330633,0.7272727272727266,0.0,0.0
0.0,0.0,0.0,-4.344934985035406,0.5714285714285712,0.0,0.0
0.0,0.0,1.0,0.4778839786081015,0.39610389610389696,0.0,0.0
0.0,0.0,0.0,0.117640294767642,0.9870129870129869,0.0,0.0
0.0,0.0,0.0,1.6666718394269846,0.4610389610389607,0.0,0.0
0.0,0.0,0.0,-0.09206661181014288,0.48051948051948123,0.0,0.0
0.0,0.0,1.0,0.9479040147893046,0.7597402597402603,0.0,0.0
0.0,1.0,1.0,1.6666718394269846,0.8506493506493502,0.0,0.0
0.0,0.0,0.0,-0.007356179273564157,0.720779220779221,0.0,0.0
0.0,0.0,0.0,0.19665720848070106,0.9675324675324681,0.0,0.0
0.0,0.0,0.0,0.038411308994785766,1.0,0.0,0.0
0.0,0.0,0.0,0.2544546288754627,0.5259740259740262,0.0,0.0
0.0,0.0,0.0,-4.537315535080834,0.4350649350649345,0.0,0.0
0.0,0.0,0.0,0.2374970855680993,0.7337662337662341,0.0,0.0
0.0,0.0,1.0,0.9441093185052264,0.40909090909091006,0.0,0.0
0.0,0.0,0.0,-0.20249362822819456,0.6298701298701292,0.0,0.0
1.0,1.0,0.0,0.08142440632338784,0.8831168831168839,0.0,0.0
0.0,0.0,0.0,0.011033591022662548,0.6168831168831161,0.0,0.0
1.0,0.0,0.0,-0.039457556378873576,0.8311688311688314,0.0,1.0
1.0,0.0,1.0,0.4428048146117436,0.8571428571428577,0.0,1.0
0.0,0.0,0.0,0.315342810456767,0.7467532467532472,0.0,0.0
1.0,0.0,0.0,0.047537555100349835,0.8376623376623371,0.0,0.0
0.0,0.0,0.0,-0.23240798203664492,0.6948051948051948,0.0,0.0
0.0,0.0,0.0,0.06860011128165591,0.9350649350649345,0.0,0.0
0.0,0.0,0.0,0.08286851593718059,0.5779220779220786,0.0,0.0
0.0,0.0,0.0,-0.05838837457447646,0.954545454545455,0.0,0.0
0.0,0.0,0.0,-0.12264384906065735,0.6298701298701292,0.0,0.0
0.0,0.0,0.0,0.2523156105068425,0.7402597402597397,0.0,0.0
0.0,0.0,0.0,-0.21219085560535356,0.6428571428571423,0.0,0.0
0.0,0.0,0.0,0.0732417455198603,0.5844155844155843,0.0,0.0
0.0,0.0,0.0,-0.12746793128939918,0.6558441558441555,0.0,0.0
0.0,0.0,0.0,-0.27192479582849,0.6363636363636367,0.0,0.0
0.0,0.0,0.0,0.013507378398126713,0.5974025974025974,0.0,0.0
0.0,0.0,0.0,0.30378232141851463,0.8506493506493502,0.0,0.0
0.0,0.0,0.0,-0.27192479582849,0.6688311688311686,0.0,0.0
0.0,0.0,0.0,0.0533053048230738,0.9415584415584419,0.0,0.0
0.0,0.0,0.0,-0.0008899196976861836,0.9285714285714288,0.0,0.0
1.0,1.0,0.0,-0.1733520682824403,0.8766233766233764,0.0,1.0
0.0,0.0,0.0,0.2031175003848199,0.9805194805194812,0.0,0.0
1.0,0.0,0.0,0.1810645213813123,0.824675324675324,0.0,1.0
0.0,0.0,0.0,0.026259455774339878,1.0,0.0,0.0
0.0,0.0,0.0,0.12417671823555879,0.9675324675324681,0.0,0.0
1.0,0.0,1.0,0.6967587865159964,0.8636363636363633,0.0,1.0
0.0,0.0,0.0,0.2310062226237652,0.7662337662337659,0.0,0.0
0.0,0.0,0.0,-0.0531943735416835,0.6103896103896105,0.0,0.0
0.0,0.0,0.0,-0.07694997700743937,0.6883116883116891,0.0,0.0
0.0,0.0,0.0,-0.056807852551969004,0.9740259740259738,0.0,0.0
0.0,0.0,0.0,-0.1616249021795453,0.6233766233766236,0.0,0.0
1.0,1.0,0.0,0.1566372423328057,0.8896103896103895,0.0,0.0
0.0,0.0,0.0,0.14920273339995654,0.7987012987012996,0.0,0.0
0.0,0.0,0.0,-0.10571456573606593,0.6038961038961048,0.0,0.0
0.0,0.0,0.0,0.19977743934482864,0.779220779220779,0.0,0.0
0.0,0.0,0.0,0.13973424616058974,0.8441558441558445,0.0,0.0
0.0,0.0,0.0,0.060415543050344564,0.7727272727272734,0.0,0.0
0.0,0.0,0.0,-0.009289066548635065,0.9935064935064943,0.0,0.0
0.0,0.0,0.0,-0.11791769852033232,0.6623376623376629,0.0,0.0
1.0,1.0,0.0,0.021463789335808958,0.896103896103897,0.0,0.0
0.0,0.0,0.0,0.08286851593718059,0.7337662337662341,0.0,0.0
0.0,0.0,0.0,0.0938593115786501,0.5714285714285712,0.0,0.0
0.0,0.0,0.0,0.13204850095364304,0.5909090909090917,0.0,0.0
0.0,0.0,0.0,0.0009201983719890534,0.9480519480519476,0.0,0.0
0.0,0.0,0.0,0.1988107201710969,0.7922077922077921,0.0,0.0
1.0,1.0,1.0,0.4655863544681109,0.8701298701298708,0.0,1.0
0.0,0.0,0.0,-0.15934540444118178,0.7142857142857153,0.0,0.0
0.0,0.0,0.0,0.09484015358051684,0.9870129870129869,0.0,0.0
1.0,0.0,0.0,-0.008142768056070221,0.9025974025974026,0.0,0.0
0.0,0.0,0.0,0.22576174694656745,0.9610389610389607,0.0,0.0
0.0,0.0,0.0,0.05530537293327025,0.7857142857142865,0.0,0.0
0.0,0.0,0.0,-0.14392086813759375,0.9220779220779214,0.0,0.0
0.0,0.0,0.0,-0.012560907191318154,0.720779220779221,0.0,0.0
0.0,0.0,0.0,-0.0078461854455691,0.6818181818181817,0.0,0.0
1.0,0.0,0.0,0.11761566986254196,0.8181818181818183,0.0,1.0
0.0,0.0,0.0,-0.2970449474478877,0.675324675324676,0.0,0.0
0.0,0.0,1.0,0.33211366460632574,0.8051948051948052,0.0,0.0
0.0,0.0,0.0,-0.2830607169188009,0.7077922077922079,0.0,0.0
0.0,0.0,0.0,0.09866741292688382,0.7532467532467528,0.0,0.0
1.0,1.0,1.0,0.39837521986260604,0.8701298701298708,0.0,1.0
0.0,1.0,0.0,-0.0552338402950773,0.9285714285714288,0.0,0.0
0.0,1.0,0.0,0.01678961436609302,0.9415584415584419,0.0,0.0
0.0,1.0,0.0,-0.5372868708499612,0.9350649350649345,0.0,0.0
1.0,0.0,0.0,0.13834227175281796,0.7597402597402603,0.0,1.0
0.0,0.0,0.0,0.13280217067286235,0.6493506493506498,0.0,0.0
1.0,1.0,0.0,-0.4228407356534272,0.9025974025974026,0.0,1.0
1.0,1.0,0.0,-0.6306464669316367,0.8506493506493502,0.0,1.0
0.0,1.0,0.0,0.02080867369940409,0.9480519480519476,0.0,0.0
0.0,0.0,0.0,-1.9011426656930017,0.7272727272727266,0.0,0.0
0.0,0.0,0.0,0.17571149741756847,0.6363636363636367,0.0,0.0
0.0,1.0,0.0,-0.20750012755486313,0.954545454545455,0.0,0.0
0.0,0.0,0.0,-0.15639561649306657,0.6948051948051948,0.0,0.0
1.0,0.0,0.0,0.12316598940961258,0.7532467532467528,0.0,1.0
0.0,0.0,0.0,-0.07650856796513206,0.6428571428571423,0.0,0.0
1.0,1.0,0.0,-0.817297682570879,0.8311688311688314,0.0,1.0
0.0,0.0,0.0,0.11195005292191272,0.675324675324676,0.0,0.0
0.0,0.0,0.0,-0.03929494539716438,0.7012987012987022,0.0,0.0
0.0,1.0,0.0,-0.08614551567748666,0.9675324675324681,0.0,0.0
1.0,0.0,0.0,0.18751000692039835,0.779220779220779,0.0,1.0
0.0,0.0,1.0,0.4485088327171693,0.720779220779221,0.0,0.0
0.0,0.0,0.0,0.04965396027547089,0.6623376623376629,0.0,0.0
0.0,0.0,0.0,0.01678961436609302,0.7402597402597397,0.0,0.0
1.0,1.0,0.0,-0.48372710972740557,0.896103896103897,0.0,1.0
0.0,1.0,0.0,0.21446393594712626,0.7987012987012996,0.0,0.0
1.0,1.0,0.0,-0.2894532087992921,0.8441558441558445,0.0,1.0
0.0,0.0,0.0,-0.07799110780322716,0.7142857142857153,0.0,0.0
0.0,1.0,0.0,0.12185973287160465,0.8116883116883127,0.0,0.0
0.0,0.0,0.0,0.24461676003032076,0.7467532467532472,0.0,0.0
0.0,0.0,0.0,-0.11768775296361077,0.6883116883116891,0.0,0.0
0.0,1.0,0.0,-0.13230671701696325,0.8181818181818183,0.0,0.0
1.0,1.0,0.0,-0.22537856557277153,0.8376623376623371,0.0,1.0
0.0,0.0,0.0,0.01678961436609302,0.6298701298701292,0.0,0.0
0.0,1.0,0.0,-0.1373980669333633,0.9220779220779214,0.0,0.0
1.0,1.0,0.0,0.21660097819894758,0.7857142857142865,0.0,1.0
1.0,1.0,0.0,-0.3448075329071913,0.8571428571428577,0.0,1.0
1.0,0.0,0.0,0.1465969726165673,0.7662337662337659,0.0,1.0
1.0,1.0,0.0,-0.17114221702028018,0.8896103896103895,0.0,1.0
0.0,1.0,0.0,0.1487597450847761,1.0,0.0,0.0
0.0,0.0,0.0,0.09506432423759785,0.6818181818181817,0.0,0.0
0.0,1.0,0.0,-0.07389442249334091,0.9155844155844157,0.0,0.0
0.0,1.0,0.0,-0.0043120668089889755,0.9870129870129869,0.0,0.0
1.0,1.0,0.0,0.30555339306649076,0.8766233766233764,0.0,1.0
1.0,0.0,0.0,0.18626129663137636,0.7922077922077921,0.0,1.0
0.0,1.0,0.0,0.01678961436609302,0.9805194805194812,0.0,0.0
1.0,1.0,0.0,0.01678961436609302,0.8831168831168839,0.0,1.0
0.0,1.0,0.0,-0.09879762581217898,0.9090909090909101,0.0,0.0
0.0,0.0,0.0,0.01671926142434649,0.6558441558441555,0.0,0.0
0.0,1.0,0.0,-0.12380138050228845,0.8051948051948052,0.0,0.0
0.0,1.0,0.0,-0.06008394242149405,0.8571428571428577,0.0,0.0
1.0,1.0,0.0,0.027935122049548906,0.8311688311688314,0.0,1.0
0.0,0.0,1.0,0.351316908272999,0.7727272727272734,0.0,0.0
0.0,1.0,0.0,-0.20315617571428415,0.9675324675324681,0.0,0.0
0.0,1.0,0.0,-0.15625479632714956,0.954545454545455,0.0,0.0
0.0,1.0,0.0,-0.14513090364922918,0.8636363636363633,0.0,0.0
0.0,0.0,0.0,0.08005324091875073,0.779220779220779,0.0,0.0
0.0,1.0,0.0,0.025050415707697928,0.8181818181818183,0.0,0.0
0.0,0.0,0.0,-0.1361201131362197,0.6038961038961048,0.0,0.0
0.0,0.0,0.0,-0.1168278592972637,0.6948051948051948,0.0,0.0
0.0,0.0,0.0,0.07666256385133544,0.7857142857142865,0.0,0.0
1.0,1.0,0.0,0.005735159386918365,0.8506493506493502,0.0,1.0
0.0,0.0,0.0,-0.1246720530815515,0.9935064935064943,0.0,0.0
0.0,1.0,0.0,-0.02547182702329007,0.896103896103897,0.0,0.0
0.0,0.0,0.0,0.04107318393163975,0.7922077922077921,0.0,0.0
0.0,0.0,0.0,-0.3806590221504535,0.720779220779221,0.0,0.0
0.0,0.0,0.0,0.01038863966201678,0.6428571428571423,0.0,0.0
0.0,0.0,0.0,-0.1361201131362197,0.6168831168831161,0.0,0.0
0.0,0.0,0.0,-0.5238460406804525,0.6493506493506498,0.0,0.0
0.0,1.0,0.0,0.005735159386918365,0.9480519480519476,0.0,0.0
0.0,0.0,0.0,0.060273761321440564,0.7142857142857153,0.0,0.0
0.0,0.0,0.0,-0.044249245504220214,0.6883116883116891,0.0,0.0
0.0,0.0,0.0,0.24838278412721432,0.5974025974025974,0.0,0.0
0.0,1.0,0.0,-0.11965525265048575,0.8831168831168839,0.0,0.0
0.0,1.0,0.0,-0.17830094869454055,0.9350649350649345,0.0,0.0
0.0,1.0,0.0,-0.16094753402452144,0.9740259740259738,0.0,0.0
1.0,1.0,0.0,-0.20449765883537294,0.8376623376623371,0.0,1.0
0.0,0.0,0.0,-0.5416310221528745,0.6103896103896105,0.0,0.0
0.0,1.0,0.0,-0.09499291477319793,0.9285714285714288,0.0,0.0
0.0,0.0,0.0,0.05120193447048803,0.7012987012987022,0.0,0.0
0.0,1.0,0.0,-0.30609629287110474,0.9090909090909101,0.0,0.0
0.0,1.0,0.0,0.20478105343743802,0.8766233766233764,0.0,0.0
0.0,0.0,1.0,0.397266992289353,0.7597402597402603,0.0,0.0
0.0,1.0,0.0,0.029195258133462534,0.824675324675324,0.0,0.0
0.0,0.0,0.0,0.18186894968507325,0.6298701298701292,0.0,0.0
0.0,0.0,0.0,0.2117792248910087,0.6558441558441555,0.0,0.0
0.0,0.0,1.0,0.34074504958855556,0.6363636363636367,0.0,0.0
0.0,1.0,0.0,-0.1632742336254465,0.8116883116883127,0.0,0.0
0.0,1.0,1.0,0.42111519144025333,0.8701298701298708,0.0,0.0
0.0,1.0,0.0,-0.05185722954820521,0.9805194805194812,0.0,0.0
0.0,0.0,0.0,0.24469421228361404,0.7662337662337659,0.0,0.0
0.0,0.0,0.0,-0.20839068638990182,0.9025974025974026,0.0,0.0
0.0,0.0,0.0,-0.6834065764302427,0.675324675324676,0.0,0.0
0.0,0.0,0.0,-0.16304918727008447,0.6818181818181817,0.0,0.0
1.0,1.0,0.0,-0.3341703999050976,0.8441558441558445,0.0,1.0
0.0,0.0,0.0,-0.23836838249303166,1.0,0.0,0.0
0.0,0.0,0.0,-0.04844683098058763,0.6233766233766236,0.0,0.0
0.0,0.0,0.0,0.28735054040151137,0.7402597402597397,0.0,0.0
0.0,0.0,0.0,-0.192598544344206,0.7272727272727266,0.0,0.0
0.0,0.0,0.0,-0.28717008863350685,0.6623376623376629,0.0,0.0
0.0,1.0,0.0,-0.004154498768010622,0.7987012987012996,0.0,0.0
0.0,1.0,0.0,-0.1037470710183073,0.9220779220779214,0.0,0.0
0.0,1.0,0.0,-0.055162447655331875,0.9155844155844157,0.0,0.0
0.0,0.0,0.0,0.17941661589995594,0.7337662337662341,0.0,0.0
0.0,1.0,0.0,-0.05781288098012954,0.8051948051948052,0.0,0.0
0.0,1.0,0.0,0.009372752169857662,0.9610389610389607,0.0,0.0
0.0,0.0,0.0,0.025814807777405076,0.6233766233766236,0.0,0.0
0.0,0.0,0.0,0.11227653317268399,0.7727272727272734,0.0,0.0
0.0,0.0,1.0,0.19831583282253895,0.8831168831168839,0.0,0.0
1.0,0.0,0.0,0.13116749217801957,0.9805194805194812,0.0,1.0
0.0,0.0,0.0,-0.722640806130345,0.6363636363636367,0.0,0.0
0.0,0.0,0.0,0.005029648052151498,0.6168831168831161,0.0,0.0
0.0,0.0,0.0,0.00637988380415497,0.6558441558441555,0.0,0.0
0.0,0.0,0.0,0.02802314869930548,0.9090909090909101,0.0,0.0
0.0,0.0,0.0,0.19831583282253895,0.6623376623376629,0.0,0.0
0.0,0.0,0.0,0.1783165345281671,0.9220779220779214,0.0,0.0
1.0,0.0,0.0,0.07166861065754304,0.9935064935064943,0.0,1.0
0.0,0.0,0.0,0.19831583282253895,0.7012987012987022,0.0,0.0
0.0,0.0,1.0,0.6336494298172821,0.8051948051948052,0.0,0.0
0.0,0.0,0.0,-0.04277702140312084,0.6428571428571423,0.0,0.0
0.0,0.0,0.0,0.23350311579693678,0.720779220779221,0.0,0.0
1.0,0.0,0.0,0.059528922817097235,1.0,0.0,1.0
0.0,0.0,0.0,-0.019093588200959397,0.954545454545455,0.0,0.0
0.0,1.0,0.0,0.22369553990555222,0.9350649350649345,0.0,0.0
1.0,0.0,0.0,0.19663563663608222,0.9740259740259738,0.0,1.0
0.0,0.0,0.0,0.19831583282253895,0.7987012987012996,0.0,0.0
0.0,0.0,0.0,0.19831583282253895,0.9025974025974026,0.0,0.0
0.0,0.0,0.0,0.15084284395337863,0.7337662337662341,0.0,0.0
0.0,0.0,0.0,0.2994290294097946,0.9155844155844157,0.0,0.0
0.0,0.0,0.0,0.18998851079604598,0.7142857142857153,0.0,0.0
0.0,0.0,0.0,0.28946753778584,0.7532467532467528,0.0,0.0
1.0,0.0,1.0,0.984337800939793,0.8766233766233764,0.0,1.0
0.0,0.0,0.0,0.1411404174326772,0.7402597402597397,0.0,0.0
0.0,0.0,0.0,-0.375507979346724,0.6688311688311686,0.0,0.0
0.0,1.0,1.0,0.05530537293327025,0.8441558441558445,0.0,0.0
0.0,0.0,1.0,-0.09783242582186394,0.8116883116883127,0.0,0.0
0.0,0.0,0.0,-0.9335798921826821,0.6948051948051948,0.0,0.0
0.0,0.0,0.0,0.33011809973426276,0.7857142857142865,0.0,0.0
0.0,0.0,1.0,0.6023824360638894,0.7467532467532472,0.0,0.0
1.0,1.0,1.0,0.8276834476064528,0.8701298701298708,0.0,1.0
0.0,0.0,0.0,0.007382050037221533,0.8181818181818183,0.0,0.0
1.0,0.0,0.0,0.16352544317494466,0.9870129870129869,0.0,1.0
0.0,0.0,0.0,0.23965239741625574,0.7662337662337659,0.0,0.0
0.0,0.0,0.0,-0.207320607460167,0.675324675324676,0.0,0.0
0.0,0.0,0.0,-0.1737447311356781,0.6298701298701292,0.0,0.0
0.0,0.0,0.0,-0.04646297552646909,0.6818181818181817,0.0,0.0
0.0,0.0,0.0,0.054389679708267566,0.896103896103897,0.0,0.0
0.0,0.0,1.0,0.3615916923613495,0.7597402597402603,0.0,0.0
0.0,0.0,0.0,0.13505393623741144,0.7077922077922079,0.0,0.0
0.0,0.0,1.0,-0.004059985318358708,0.7922077922077921,0.0,0.0
0.0,0.0,0.0,-0.10281180372032339,0.6103896103896105,0.0,0.0
0.0,1.0,0.0,0.15296636611233555,0.824675324675324,0.0,0.0
0.0,1.0,0.0,0.280363259470515,0.9415584415584419,0.0,0.0
0.0,0.0,0.0,-0.056208682740858516,0.6493506493506498,0.0,0.0
0.0,0.0,1.0,0.12711412977129521,0.8896103896103895,0.0,1.0
0.0,1.0,1.0,0.19831583282253895,0.8376623376623371,0.0,0.0
0.0,0.0,0.0,0.19831583282253895,0.779220779220779,0.0,0.0
0.0,0.0,0.0,0.1486897691219266,0.9610389610389607,0.0,0.0
1.0,0.0,0.0,0.17071839193604796,0.9675324675324681,0.0,1.0
1.0,1.0,1.0,0.8247154816131563,0.8636363636363633,0.0,1.0
0.0,0.0,0.0,0.06418025439131447,0.9480519480519476,0.0,0.0
1.0,0.0,0.0,0.22160213314176996,0.7922077922077921,0.0,1.0
0.0,0.0,0.0,-0.19309481917596996,0.31818181818181834,0.0,0.0
0.0,0.0,0.0,0.231148368800408,0.29220779220779214,0.0,0.0
0.0,0.0,0.0,-0.0019148054428261233,0.019480519480518765,0.0,0.0
0.0,0.0,0.0,-1.140696904256883,0.22727272727272663,0.0,0.0
0.0,0.0,0.0,0.1031600998895827,0.23376623376623407,0.0,0.0
0.0,0.0,0.0,-0.6740125212848044,0.5649350649350655,0.0,0.0
0.0,0.0,0.0,-2.703580289422768,0.324675324675324,0.0,0.0
0.0,0.0,0.0,-0.08248988182954599,0.16883116883116855,0.0,0.0
0.0,0.0,0.0,0.14454170777120998,0.34415584415584455,0.0,0.0
0.0,0.0,1.0,0.3876519538092285,0.8181818181818183,0.0,0.0
0.0,0.0,0.0,-0.8611734894191223,0.08441558441558428,0.0,0.0
0.0,0.0,0.0,-0.5975400824953006,0.2857142857142865,0.0,0.0
0.0,0.0,0.0,0.08164754787706055,0.3116883116883127,0.0,0.0
0.0,0.0,0.0,-0.02938175200320514,0.15584415584415545,0.0,0.0
0.0,0.0,0.0,0.04105366437577593,0.25974025974026027,0.0,0.0
0.0,0.0,1.0,0.6318207080250651,0.5324675324675319,0.0,0.0
0.0,0.0,0.0,-0.5354502676707583,0.1493506493506498,0.0,0.0
0.0,0.0,0.0,0.02731847088496266,0.9935064935064943,0.0,0.0
0.0,0.0,0.0,0.18357805405515576,0.6818181818181817,0.0,0.0
0.0,0.0,0.0,0.1608573401580342,0.8116883116883127,0.0,0.0
0.0,0.0,0.0,0.145230595582038,0.5064935064935074,0.0,0.0
0.0,1.0,0.0,-2.454292195744428,0.10389610389610482,0.0,0.0
0.0,0.0,0.0,-1.7827466922569182,0.4350649350649345,0.0,0.0
0.0,0.0,0.0,-0.02938175200320514,0.14285714285714235,0.0,0.0
0.0,0.0,0.0,-2.4469539733344114,0.46753246753246813,0.0,0.0
0.0,0.0,0.0,-0.42541891750952515,0.5129870129870131,0.0,0.0
0.0,0.0,0.0,-0.09847558817458635,0.9220779220779214,0.0,0.0
0.0,0.0,0.0,-0.4134067117548751,0.6363636363636367,0.0,0.0
1.0,0.0,0.0,-0.02938175200320514,0.4610389610389607,0.0,1.0
0.0,0.0,0.0,0.08047552264326681,0.9415584415584419,0.0,0.0
0.0,0.0,0.0,-0.02938175200320514,0.6103896103896105,0.0,0.0
0.0,0.0,0.0,-8.962813718672262,0.39610389610389696,0.0,0.0
0.0,0.0,0.0,-0.6294873544814401,0.175324675324676,0.0,0.0
0.0,0.0,0.0,0.11493488551208124,0.2012987012987022,0.0,0.0
0.0,0.0,0.0,-0.0022097577447126003,0.012987012987013102,0.0,0.0
0.0,0.0,0.0,0.10805957800428458,0.7467532467532472,0.0,0.0
0.0,0.0,0.0,-1.5135454488260718,0.49350649350649434,0.0,0.0
0.0,0.0,0.0,0.004827110773225962,0.8896103896103895,0.0,0.0
0.0,0.0,0.0,-0.2623551223809828,0.6948051948051948,0.0,0.0
0.0,0.0,0.0,0.22749242742565448,0.8311688311688314,0.0,0.0
0.0,0.0,1.0,0.3888010560883974,0.48051948051948123,0.0,0.0
0.0,0.0,0.0,0.09665329724359738,0.2987012987012996,0.0,0.0
0.0,0.0,1.0,0.34187474456970135,0.8441558441558445,0.0,1.0
0.0,1.0,0.0,0.12416543005322947,0.12337662337662358,0.0,0.0
0.0,0.0,0.0,-0.1133248110693347,0.9090909090909101,0.0,0.0
0.0,0.0,0.0,-1.2781420562293377,0.18181818181818166,0.0,0.0
0.0,0.0,0.0,-0.374843567784781,0.5,0.0,0.0
0.0,0.0,0.0,-0.22221466804641452,0.6428571428571423,0.0,0.0
0.0,0.0,0.0,-3.3674916342542236,0.21428571428571352,0.0,0.0
0.0,0.0,0.0,-0.13141438968340788,0.9155844155844157,0.0,0.0
0.0,0.0,0.0,-0.02938175200320514,0.5194805194805188,0.0,0.0
0.0,0.0,0.0,-0.0019407348664003993,0.05194805194805241,0.0,0.0
0.0,1.0,0.0,-0.31160500091556054,0.11038961038961048,0.0,0.0
0.0,0.0,0.0,-1.5808386486218942,0.27922077922077904,0.0,0.0
0.0,0.0,0.0,0.1512269186620151,0.9740259740259738,0.0,0.0
0.0,0.0,0.0,-0.02938175200320514,0.9025974025974026,0.0,0.0
0.0,0.0,0.0,0.07581141239748454,0.9870129870129869,0.0,0.0
0.0,0.0,0.0,-4.046990364021271,0.35714285714285765,0.0,0.0
0.0,0.0,0.0,-0.22022885941968973,0.6493506493506498,0.0,0.0
0.0,0.0,0.0,-0.13172183041584246,0.7272727272727266,0.0,0.0
0.0,0.0,0.0,-0.27192479582849,0.5519480519480524,0.0,0.0
0.0,0.0,0.0,-0.0921483662498497,0.7142857142857153,0.0,0.0
0.0,0.0,0.0,-2.2817556160236094,0.5974025974025974,0.0,0.0
0.0,0.0,1.0,-0.02938175200320514,0.8376623376623371,0.0,0.0
0.0,0.0,0.0,0.08624754167638388,0.8701298701298708,0.0,1.0
0.0,0.0,0.0,-0.008546411324866913,0.7337662337662341,0.0,0.0
0.0,0.0,0.0,0.1359796042824131,0.8636363636363633,0.0,1.0
0.0,0.0,0.0,-0.27192479582849,0.9285714285714288,0.0,0.0
0.0,0.0,0.0,-0.02938175200320514,0.3376623376623371,0.0,0.0
0.0,0.0,0.0,-0.263105109001384,0.26623376623376593,0.0,0.0
0.0,0.0,0.0,-2.1561749364075884,0.4740259740259738,0.0,0.0
0.0,0.0,1.0,0.5616927273556388,0.37012987012987075,0.0,0.0
0.0,0.0,0.0,0.15141270320157305,0.9610389610389607,0.0,0.0
0.0,0.0,0.0,-0.0018379003992471548,0.006493506493507439,0.0,0.0
0.0,0.0,0.0,0.13712283575415943,0.9805194805194812,0.0,0.0
0.0,0.0,0.0,-0.14563596017867075,0.5584415584415581,0.0,0.0
0.0,0.0,0.0,-0.02938175200320514,0.4285714285714288,0.0,0.0
0.0,0.0,0.0,-2.900866905771675,0.1363636363636367,0.0,0.0
0.0,0.0,0.0,0.2839910181815207,0.3766233766233764,0.0,0.0
0.0,0.0,0.0,0.05682760924300699,0.19480519480519476,0.0,0.0
0.0,0.0,0.0,-1.4372246003830542,0.45454545454545503,0.0,0.0
0.0,0.0,0.0,0.11781075426995893,0.7532467532467528,0.0,0.0
0.0,0.0,0.0,-0.11343654856065748,0.24025974025973973,0.0,0.0
0.0,1.0,0.0,0.2650208838696155,0.8051948051948052,0.0,0.0
0.0,0.0,0.0,-0.0018798040361387468,0.025974025974026205,0.0,0.0
0.0,0.0,0.0,-1.313016139987546,0.25324675324675283,0.0,0.0
0.0,1.0,0.0,-0.31926899417532034,0.11688311688311614,0.0,0.0
0.0,0.0,0.0,-0.27192479582849,0.5779220779220786,0.0,0.0
0.0,0.0,0.0,-0.002096291573738754,0.0,0.0,0.0
0.0,0.0,0.0,0.11304121081053482,1.0,0.0,0.0
0.0,0.0,1.0,0.3924232852692198,0.5259740259740262,0.0,0.0
0.0,0.0,0.0,0.047054806435075,0.5909090909090917,0.0,0.0
0.0,0.0,0.0,-0.03141177081214057,0.896103896103897,0.0,0.0
0.0,0.0,0.0,0.03260698019079787,0.8831168831168839,0.0,0.0
1.0,0.0,1.0,0.32913624444391293,0.779220779220779,0.0,0.0
0.0,1.0,0.0,-0.16169767438336605,0.12987012987012925,0.0,0.0
0.0,0.0,0.0,-0.1732241051042355,0.09090909090909172,0.0,0.0
0.0,0.0,0.0,0.21820964789392266,0.8506493506493502,0.0,1.0
0.0,0.0,0.0,-0.010403142564842906,0.4220779220779214,0.0,0.0
0.0,0.0,0.0,-0.3228602889120791,0.2727272727272734,0.0,0.0
0.0,0.0,0.0,-0.0018422087550951465,0.06493506493506551,0.0,0.0
0.0,0.0,0.0,0.14947364210533998,0.7597402597402603,0.0,0.0
0.0,0.0,1.0,0.34052045072903164,0.8571428571428577,0.0,1.0
0.0,0.0,0.0,0.10814793576896328,0.7727272727272734,0.0,0.0
0.0,0.0,0.0,-0.14837299392757153,0.6688311688311686,0.0,0.0
0.0,0.0,0.0,0.07207141026516022,0.5844155844155843,0.0,0.0
0.0,0.0,0.0,-1.0123633381291326,0.22077922077922096,0.0,0.0
0.0,0.0,1.0,0.4087206133022544,0.824675324675324,0.0,0.0
0.0,0.0,0.0,-0.011476441886482195,0.4870129870129869,0.0,0.0
0.0,0.0,0.0,-0.02938175200320514,0.6038961038961048,0.0,0.0
0.0,0.0,0.0,-0.19355518796835494,0.6558441558441555,0.0,0.0
0.0,0.0,0.0,0.03568450218850972,0.4155844155844157,0.0,0.0
0.0,0.0,0.0,-0.0801876770115095,0.7077922077922079,0.0,0.0
0.0,0.0,0.0,0.12632434724738675,0.7402597402597397,0.0,0.0
1.0,0.0,0.0,0.2436957604665158,0.7987012987012996,0.0,1.0
0.0,0.0,0.0,-0.27192479582849,0.6168831168831161,0.0,0.0
0.0,0.0,0.0,-0.002084741323110896,0.03246753246753187,0.0,0.0
0.0,0.0,0.0,0.09440352545884444,0.8766233766233764,0.0,1.0
0.0,0.0,0.0,-0.23790233116675627,0.7012987012987022,0.0,0.0
0.0,0.0,0.0,-0.06945858959711414,0.6233766233766236,0.0,0.0
0.0,0.0,0.0,-0.38842524214912627,0.3506493506493502,0.0,0.0
0.0,0.0,0.0,-0.8667497962572159,0.07792207792207861,0.0,0.0
0.0,0.0,0.0,0.1414105587669567,0.7662337662337659,0.0,0.0
0.0,0.0,0.0,0.0207996567997489,0.6883116883116891,0.0,0.0
0.0,0.0,0.0,0.061120700529073264,0.9350649350649345,0.0,0.0
0.0,0.0,0.0,0.27328101724534676,0.5389610389610393,0.0,0.0
0.0,0.0,0.0,0.30788849427111115,0.3636363636363633,0.0,0.0
0.0,0.0,0.0,-2.7225719357187628,0.4025974025974026,0.0,0.0
0.0,0.0,0.0,-0.15319878823205021,0.20779220779220786,0.0,0.0
0.0,0.0,0.0,0.05334256812041512,0.675324675324676,0.0,0.0
0.0,0.0,0.0,-0.8671308417289995,0.6623376623376629,0.0,0.0
0.0,0.0,1.0,0.3309673355413563,0.3896103896103895,0.0,0.0
1.0,0.0,0.0,-0.1863799457161404,0.30519480519480524,0.0,1.0
0.0,0.0,0.0,-0.03771256729395997,0.9610389610389607,0.0,0.0
0.0,0.0,0.0,-0.0966697771986673,0.9935064935064943,0.0,0.0
0.0,0.0,1.0,0.9500993896298601,0.5649350649350655,0.0,0.0
0.0,0.0,0.0,-0.12281903025779653,0.7077922077922079,0.0,0.0
0.0,0.0,0.0,-0.20368018839471894,0.6103896103896105,0.0,0.0
0.0,0.0,0.0,0.0092199347832068,0.8051948051948052,0.0,0.0
0.0,0.0,0.0,0.1398265460377358,0.08441558441558428,0.0,0.0
0.0,0.0,0.0,0.1302784592196643,0.8311688311688314,0.0,0.0
0.0,1.0,1.0,0.32913624444391293,0.8636363636363633,0.0,0.0
0.0,1.0,0.0,0.29628249346788116,0.8831168831168839,0.0,0.0
0.0,0.0,0.0,-0.009831437570209729,0.8896103896103895,0.0,0.0
0.0,0.0,0.0,-2.8852831071151916,0.14285714285714235,0.0,0.0
0.0,0.0,0.0,-0.7784672741891882,0.07792207792207861,0.0,0.0
0.0,0.0,0.0,0.1212484113015145,0.8116883116883127,0.0,0.0
0.0,0.0,1.0,0.38284134288583477,0.5779220779220786,0.0,0.0
0.0,0.0,0.0,-0.17983055882695761,0.9220779220779214,0.0,0.0
0.0,0.0,0.0,0.08187641276794493,0.7402597402597397,0.0,0.0
1.0,0.0,0.0,0.09211180318716794,0.8441558441558445,0.0,1.0
0.0,0.0,0.0,-0.3710343682477682,0.6038961038961048,0.0,0.0
0.0,1.0,1.0,0.48043206039476277,0.8766233766233764,0.0,0.0
0.0,0.0,0.0,-0.060735321887056964,0.9155844155844157,0.0,0.0
0.0,0.0,0.0,-0.11065902014267352,0.6298701298701292,0.0,0.0
0.0,0.0,0.0,0.1302784592196643,0.954545454545455,0.0,0.0
0.0,0.0,0.0,-0.11047634798482735,1.0,0.0,0.0
0.0,0.0,0.0,0.1302784592196643,0.9870129870129869,0.0,0.0
0.0,0.0,0.0,-5.82314443818662,0.09740259740259738,0.0,0.0
0.0,0.0,0.0,-4.330733133812934,0.12337662337662358,0.0,0.0
0.0,0.0,0.0,-0.04924729472763847,0.9805194805194812,0.0,0.0
0.0,0.0,1.0,0.4701597341775437,0.11038961038961048,0.0,0.0
0.0,0.0,0.0,0.1302784592196643,0.9675324675324681,0.0,0.0
0.0,0.0,0.0,0.0840285096594885,0.7337662337662341,0.0,0.0
1.0,0.0,0.0,-0.08928691613970426,0.06493506493506551,0.0,1.0
0.0,0.0,0.0,-0.12397532215459098,0.9025974025974026,0.0,0.0
0.0,0.0,0.0,0.1302784592196643,0.5974025974025974,0.0,0.0
0.0,0.0,0.0,-0.4697316243233861,0.10389610389610482,0.0,0.0
0.0,0.0,0.0,-0.05860440916274286,0.9285714285714288,0.0,0.0
0.0,0.0,0.0,0.005006627913516157,0.720779220779221,0.0,0.0
0.0,0.0,0.0,0.2027970935868225,0.8181818181818183,0.0,0.0
0.0,0.0,1.0,0.8935288224614363,0.5714285714285712,0.0,0.0
0.0,0.0,0.0,0.21555427739355265,0.7857142857142865,0.0,0.0
0.0,0.0,1.0,0.4550668133718257,0.5324675324675319,0.0,0.0
1.0,1.0,1.0,0.420220931839131,0.8506493506493502,0.0,1.0
0.0,0.0,0.0,-0.06908541744828209,0.9350649350649345,0.0,0.0
0.0,0.0,0.0,0.1302784592196643,0.1363636363636367,0.0,0.0
0.0,0.0,0.0,-0.0418572299027932,0.7272727272727266,0.0,0.0
0.0,0.0,0.0,0.10446076090014197,0.5129870129870131,0.0,0.0
0.0,0.0,0.0,0.2865499650838883,0.5584415584415581,0.0,0.0
0.0,0.0,0.0,-0.034482160878289224,0.896103896103897,0.0,0.0
0.0,0.0,0.0,0.1302784592196643,0.9415584415584419,0.0,0.0
0.0,0.0,0.0,-0.004848225516761863,0.824675324675324,0.0,0.0
0.0,0.0,0.0,0.26722919250687344,0.7532467532467528,0.0,0.0
0.0,0.0,0.0,0.10223438419124527,0.779220779220779,0.0,0.0
0.0,0.0,1.0,0.7011374891355232,0.5389610389610393,0.0,0.0
0.0,0.0,0.0,0.017998613753138954,0.7012987012987022,0.0,0.0
0.0,0.0,0.0,0.1302784592196643,0.5259740259740262,0.0,0.0
0.0,0.0,0.0,0.16065009811262776,0.7467532467532472,0.0,0.0
0.0,0.0,1.0,0.35931055815053237,0.5194805194805188,0.0,0.0
0.0,0.0,0.0,0.10224685871924147,0.7662337662337659,0.0,0.0
0.0,0.0,0.0,-0.27192479582849,0.5844155844155843,0.0,0.0
0.0,0.0,0.0,0.1302784592196643,0.6558441558441555,0.0,0.0
0.0,0.0,0.0,0.05363921241176085,0.7987012987012996,0.0,0.0
0.0,0.0,0.0,-0.4328207156085657,0.11688311688311614,0.0,0.0
0.0,0.0,0.0,-0.02002074358600781,0.6493506493506498,0.0,0.0
0.0,0.0,0.0,0.09138095150673815,0.6428571428571423,0.0,0.0
0.0,0.0,0.0,-0.8017927476632639,0.09090909090909172,0.0,0.0
0.0,0.0,0.0,0.1456348896183056,0.7597402597402603,0.0,0.0
0.0,0.0,0.0,-0.15220235501313345,0.6233766233766236,0.0,0.0
0.0,0.0,0.0,0.022224134773093367,0.5909090909090917,0.0,0.0
1.0,1.0,1.0,0.5083865753625711,0.8571428571428577,0.0,1.0
0.0,1.0,1.0,0.46840536388653004,0.8701298701298708,0.0,0.0
0.0,0.0,0.0,-4.02723914463436,0.15584415584415545,0.0,0.0
0.0,0.0,0.0,0.1302784592196643,0.7142857142857153,0.0,0.0
0.0,0.0,0.0,0.017789055236834043,0.7922077922077921,0.0,0.0
0.0,0.0,0.0,0.20582688646342653,0.07142857142857117,0.0,0.0
0.0,0.0,0.0,-0.07127707739075226,0.9740259740259738,0.0,0.0
0.0,0.0,0.0,0.164415626197997,0.6363636363636367,0.0,0.0
0.0,0.0,0.0,-0.41971986569293573,0.1493506493506498,0.0,0.0
0.0,0.0,1.0,0.643313225111938,0.545454545454545,0.0,0.0
0.0,0.0,1.0,0.47461525613705363,0.5519480519480524,0.0,0.0
0.0,0.0,1.0,0.5982790572043478,0.5324675324675319,0.0,0.0
0.0,0.0,0.0,-0.1177302053942434,0.896103896103897,0.0,0.0
0.0,0.0,1.0,0.3759646588239648,0.5909090909090917,0.0,0.0
0.0,0.0,0.0,-0.026288756125422263,0.5974025974025974,0.0,0.0
0.0,0.0,0.0,-0.19573979829740962,0.7012987012987022,0.0,0.0
0.0,0.0,0.0,-0.1291785179697774,0.6818181818181817,0.0,0.0
0.0,0.0,0.0,-0.019247975689643395,0.6623376623376629,0.0,0.0
0.0,0.0,0.0,-0.11628335331817766,0.9220779220779214,0.0,0.0
0.0,0.0,0.0,-0.0046820799797691465,0.6168831168831161,0.0,0.0
0.0,0.0,0.0,0.16959304123922944,0.7857142857142865,0.0,0.0
0.0,0.0,0.0,-0.008593648389160723,0.6688311688311686,0.0,0.0
0.0,0.0,0.0,-0.2013024230270372,0.8896103896103895,0.0,0.0
0.0,0.0,0.0,0.07814383020778486,0.9805194805194812,0.0,0.0
0.0,0.0,0.0,-0.22744449267354258,0.9155844155844157,0.0,0.0
1.0,1.0,0.0,0.006091020224593228,0.7987012987012996,0.0,1.0
0.0,0.0,0.0,-0.13652498544488217,0.6298701298701292,0.0,0.0
0.0,0.0,0.0,-0.13841114652741143,0.6558441558441555,0.0,0.0
0.0,1.0,0.0,-0.13418912526023544,0.8311688311688314,0.0,0.0
0.0,0.0,0.0,-0.15494897378932504,0.9090909090909101,0.0,0.0
0.0,1.0,0.0,-0.10138499753175581,0.8376623376623371,0.0,0.0
0.0,0.0,0.0,-0.19436444995322916,0.9285714285714288,0.0,0.0
0.0,0.0,0.0,0.07814383020778486,0.6233766233766236,0.0,0.0
0.0,0.0,0.0,-0.16634140781356965,0.7077922077922079,0.0,0.0
0.0,0.0,0.0,-0.2923566762726362,0.6883116883116891,0.0,0.0
0.0,0.0,1.0,0.37256798391272306,0.5779220779220786,0.0,0.0
0.0,0.0,0.0,-0.05365057607761377,0.720779220779221,0.0,0.0
0.0,0.0,0.0,0.12359227312003486,0.7922077922077921,0.0,0.0
1.0,0.0,0.0,0.16857844875902883,0.8051948051948052,0.0,1.0
0.0,0.0,1.0,0.6238365547395812,0.5714285714285712,0.0,0.0
0.0,0.0,0.0,-0.12838526916798967,0.6103896103896105,0.0,0.0
0.0,0.0,0.0,0.003497672757688959,0.8766233766233764,0.0,0.0
0.0,0.0,0.0,-0.059530039230432506,0.675324675324676,0.0,0.0
0.0,0.0,0.0,0.09560980582533118,0.779220779220779,0.0,0.0
0.0,0.0,0.0,-0.16968328818296016,0.5844155844155843,0.0,0.0
0.0,0.0,0.0,0.10355100231387233,0.7662337662337659,0.0,0.0
0.0,0.0,1.0,0.8283026452317711,0.5649350649350655,0.0,0.0
0.0,0.0,0.0,-0.0984205113974794,0.7272727272727266,0.0,0.0
0.0,0.0,0.0,0.07814383020778486,0.7142857142857153,0.0,0.0
0.0,0.0,0.0,0.07814383020778486,0.9415584415584419,0.0,0.0
0.0,0.0,0.0,-0.008556357332075736,0.8571428571428577,0.0,0.0
0.0,0.0,0.0,0.03545586281380133,0.7337662337662341,0.0,0.0
0.0,0.0,1.0,0.8204878075035963,0.5584415584415581,0.0,0.0
0.0,0.0,0.0,-0.40019398582677695,0.6038961038961048,0.0,0.0
0.0,1.0,0.0,0.00045277847363434104,0.8441558441558445,0.0,0.0
0.0,0.0,0.0,0.13052162236413814,0.7597402597402603,0.0,0.0
0.0,0.0,0.0,-0.1495479584992413,0.954545454545455,0.0,0.0
0.0,0.0,0.0,0.03004222344049449,0.7467532467532472,0.0,0.0
0.0,0.0,0.0,0.13433903665142397,0.7532467532467528,0.0,0.0
0.0,0.0,0.0,-0.17651900805488502,0.9350649350649345,0.0,0.0
0.0,0.0,0.0,-0.0720976587851137,0.9610389610389607,0.0,0.0
0.0,0.0,0.0,0.08481048718902666,0.8506493506493502,0.0,0.0
0.0,0.0,0.0,0.2436336324246232,0.7402597402597397,0.0,0.0
0.0,0.0,0.0,-0.028030821739076256,0.8701298701298708,0.0,0.0
0.0,0.0,0.0,-0.22250692399387942,0.9025974025974026,0.0,0.0
0.0,0.0,0.0,-0.09547118225187858,0.9480519480519476,0.0,0.0
0.0,1.0,0.0,0.07804270263229772,0.8181818181818183,0.0,0.0
0.0,0.0,0.0,-0.18750969274405702,0.9870129870129869,0.0,0.0
0.0,0.0,1.0,0.07814383020778486,0.545454545454545,0.0,0.0
0.0,0.0,1.0,0.5127257426709506,0.5259740259740262,0.0,0.0
0.0,0.0,0.0,-0.2053180040414347,0.9675324675324681,0.0,0.0
0.0,0.0,0.0,0.07584849470280239,0.7727272727272734,0.0,0.0
0.0,0.0,1.0,0.40571962344576035,0.5194805194805188,0.0,0.0
0.0,0.0,0.0,-0.5265737119694605,0.6428571428571423,0.0,0.0
0.0,0.0,0.0,-0.23877942174864591,1.0,0.0,0.0
0.0,0.0,0.0,-0.38712140058681965,0.6948051948051948,0.0,0.0
0.0,0.0,0.0,-0.15698287365251729,0.9935064935064943,0.0,0.0
0.0,0.0,0.0,-0.061024765496652006,0.6103896103896105,0.0,0.0
0.0,0.0,0.0,-0.1151942463436605,0.7077922077922079,0.0,0.0
0.0,1.0,0.0,0.0733329491244118,0.7727272727272734,0.0,0.0
0.0,0.0,0.0,-0.002250121149743391,0.675324675324676,0.0,0.0
0.0,0.0,0.0,-0.469792318303429,0.6558441558441555,0.0,0.0
0.0,0.0,0.0,-0.11354786333456758,0.6948051948051948,0.0,0.0
0.0,0.0,0.0,-0.10284915591196757,0.896103896103897,0.0,0.0
0.0,0.0,0.0,-0.04875190318806057,0.6883116883116891,0.0,0.0
1.0,0.0,0.0,-0.015681504592633608,0.8571428571428577,0.0,1.0
0.0,0.0,0.0,-0.053239840885058835,0.9740259740259738,0.0,0.0
0.0,0.0,0.0,0.06434363521259594,0.824675324675324,0.0,0.0
0.0,0.0,0.0,-0.058813574866304494,0.720779220779221,0.0,0.0
0.0,0.0,0.0,0.07864673621367131,0.7337662337662341,0.0,0.0
0.0,0.0,0.0,0.004580074838638199,0.8181818181818183,0.0,0.0
0.0,0.0,0.0,0.04567514205534979,0.8116883116883127,0.0,0.0
0.0,0.0,0.0,-0.06280546551489467,0.9480519480519476,0.0,0.0
0.0,0.0,0.0,-0.3275935643751549,0.6038961038961048,0.0,0.0
0.0,0.0,0.0,-0.0823222331984751,0.9350649350649345,0.0,0.0
0.0,0.0,0.0,-0.1729065902043155,0.7142857142857153,0.0,0.0
0.0,0.0,0.0,-0.11666571052890559,0.9090909090909101,0.0,0.0
1.0,0.0,0.0,-0.06657544047649915,0.8636363636363633,0.0,1.0
0.0,0.0,1.0,0.3989001291456263,0.5259740259740262,0.0,0.0
0.0,1.0,0.0,-0.20538982685147747,0.6688311688311686,0.0,0.0
0.0,0.0,0.0,-0.08540854642124912,0.9805194805194812,0.0,0.0
0.0,0.0,1.0,0.7399218164001555,0.5584415584415581,0.0,0.0
0.0,0.0,0.0,-0.08942232777002179,0.954545454545455,0.0,0.0
0.0,0.0,0.0,0.07437190085685937,0.8051948051948052,0.0,0.0
1.0,0.0,0.0,0.04967337406429562,0.8506493506493502,0.0,1.0
0.0,0.0,0.0,0.19789273166986904,0.5519480519480524,0.0,0.0
1.0,0.0,0.0,-0.0187674350486514,0.8701298701298708,0.0,1.0
0.0,0.0,0.0,-0.08316829891013375,0.8896103896103895,0.0,0.0
0.0,0.0,0.0,-0.028130845245836724,0.9870129870129869,0.0,0.0
0.0,0.0,0.0,-0.014647550481644837,0.6818181818181817,0.0,0.0
0.0,0.0,1.0,0.9783343138075002,0.5389610389610393,0.0,0.0
0.0,0.0,0.0,-0.11862711891458426,0.9285714285714288,0.0,0.0
0.0,1.0,0.0,0.19562093544220402,0.7922077922077921,0.0,0.0
0.0,0.0,0.0,-0.11939790862448788,0.9220779220779214,0.0,0.0
0.0,0.0,1.0,0.40565971037753407,0.5324675324675319,0.0,0.0
0.0,0.0,1.0,0.07864673621367131,0.5714285714285712,0.0,0.0
0.0,0.0,0.0,0.015051233301770736,0.8441558441558445,0.0,0.0
0.0,0.0,0.0,-0.11897087872695644,0.7272727272727266,0.0,0.0
0.0,0.0,0.0,0.03001919438210384,0.5974025974025974,0.0,0.0
0.0,0.0,0.0,-0.15187748050335437,0.9155844155844157,0.0,0.0
0.0,0.0,0.0,0.08431313504626958,0.7987012987012996,0.0,0.0
0.0,0.0,0.0,-0.12841010408401754,0.7012987012987022,0.0,0.0
0.0,0.0,0.0,-0.27192479582849,0.6168831168831161,0.0,0.0
0.0,0.0,0.0,-1.7595573060801002,0.6428571428571423,0.0,0.0
0.0,0.0,0.0,-0.09514714401392785,0.7532467532467528,0.0,0.0
0.0,0.0,0.0,-0.007159466365637336,0.6623376623376629,0.0,0.0
0.0,0.0,1.0,0.35570578368587086,0.5194805194805188,0.0,0.0
0.0,0.0,0.0,-0.11675074050693834,0.9025974025974026,0.0,0.0
0.0,0.0,0.0,-0.086884724778342,0.5844155844155843,0.0,0.0
0.0,0.0,0.0,0.07864673621367131,0.9935064935064943,0.0,0.0
0.0,0.0,1.0,0.9288249265745415,0.5649350649350655,0.0,0.0
0.0,0.0,1.0,0.5905619589952266,0.545454545454545,0.0,0.0
0.0,0.0,0.0,0.0635500356422246,0.7597402597402603,0.0,0.0
0.0,0.0,0.0,-0.0357372435541259,0.9610389610389607,0.0,0.0
0.0,1.0,0.0,0.08250298093978212,0.7857142857142865,0.0,0.0
0.0,0.0,0.0,-0.08583502524989046,0.9675324675324681,0.0,0.0
0.0,0.0,0.0,0.11199350472054806,0.7467532467532472,0.0,0.0
0.0,0.0,0.0,0.03437600364433499,0.8311688311688314,0.0,0.0
0.0,0.0,0.0,-0.016107504455509045,0.6298701298701292,0.0,0.0
0.0,1.0,0.0,-0.039336429044435586,0.6233766233766236,0.0,0.0
0.0,0.0,0.0,-0.07804575475155631,0.8831168831168839,0.0,0.0
0.0,1.0,0.0,0.11085192792834321,0.779220779220779,0.0,0.0
0.0,1.0,0.0,-0.025540046136561072,0.6363636363636367,0.0,0.0
0.0,0.0,0.0,-0.06229740285384067,0.5779220779220786,0.0,0.0
0.0,0.0,0.0,-0.04353691300301904,0.7402597402597397,0.0,0.0
0.0,0.0,0.0,0.0504859052614012,0.8376623376623371,0.0,0.0
0.0,0.0,0.0,-0.04546018250763356,0.7662337662337659,0.0,0.0
