Latitude (average),Longitude (average),banking_crisis,currency_crises,domestic_debt_in_default,exch_usd,gdp_weighted_default,independence,inflation_annual_cpi,inflation_crises,sovereign_external_debt_default,systemic_crisis,year
-29.0,24.0,0,1,0,0.045196675553362244,0.0,1,0.17851639551030712,0,0,0,1988
-29.0,24.0,0,0,0,-0.9040858623462362,0.0,0,-1.3985372368788163,0,0,0,1905
-29.0,24.0,0,1,0,-0.9119647311820072,0.0,1,-0.13283910643303587,0,0,0,1933
-29.0,24.0,0,0,0,-0.4552386347886362,0.0,1,0.14251588782532235,0,0,0,1976
-29.0,24.0,0,0,0,-0.905008809926613,0.0,1,-0.3126857873735058,0,0,0,1935
-29.0,24.0,0,0,0,0.2565709753331729,0.0,1,0.08042275616338063,0,0,0,1994
-29.0,24.0,0,0,0,-0.35724912756396715,0.0,1,-0.03822642272751078,0,0,0,1982
-29.0,24.0,0,0,0,-0.5612262674350293,0.0,1,0.14094277669834435,0,0,0,1975
-29.0,24.0,0,0,0,-0.7747208655780348,0.0,1,-0.07379228322633921,0,0,0,1954
-29.0,24.0,0,0,0,-0.5377762430829565,0.0,1,-0.03677386593022051,0,0,0,1970
-29.0,24.0,0,0,0,0.5377569586037565,0.0,1,-0.02573695935605051,0,0,0,1999
-29.0,24.0,0,0,0,-0.14017657771415934,0.0,0,-0.44114145709259234,0,0,0,1907
-29.0,24.0,0,0,0,0.6249066347327451,0.0,1,-0.03822642272751078,0,0,0,2009
-29.0,24.0,0,0,0,-0.9041319846702787,0.0,1,0.23163035755395567,0,0,0,1910
-29.0,24.0,0,0,0,-0.7747208655780348,0.0,1,-0.21703725749979072,0,0,0,1953
-29.0,24.0,0,0,0,-0.904362635832764,0.0,0,-1.0480192625526221,0,0,0,1904
-29.0,24.0,0,0,0,-0.9027494603565634,0.0,1,-0.03822642272751078,0,0,0,1915
-29.0,24.0,0,0,0,0.12109719219338022,0.0,1,-0.03822642272751078,0,0,0,1991
-29.0,24.0,0,1,0,0.08389945423743564,0.36,1,0.24808142714208195,0,1,0,1985
-29.0,24.0,0,0,0,-0.8637452905710831,0.0,1,-0.03822642272751078,0,0,0,1946
-29.0,24.0,0,1,0,-0.14017657771415934,0.0,1,-0.032792261880520944,0,0,0,2011
-29.0,24.0,0,0,0,-0.9036708799981841,0.0,0,-1.5139586569557526,0,0,0,1906
-29.0,24.0,0,0,0,-0.9025653026395684,0.0,1,-0.34498110727589576,0,0,0,1928
-29.0,24.0,0,0,0,-0.8623868740748588,0.0,1,-0.07233171771091931,0,0,0,1944
-29.0,24.0,0,0,0,-0.5646402757055682,0.0,1,0.12942460701240652,0,0,0,1973
-29.0,24.0,1,0,0,-0.45483510725134196,0.0,1,-0.03822642272751078,0,0,0,1977
-29.0,24.0,0,0,0,-0.7747600150443168,0.0,1,-0.08741212691489669,0,0,0,1965
-29.0,24.0,0,0,0,-0.8930011439342159,0.0,1,-0.8211647088462894,0,0,0,1922
-29.0,24.0,0,0,0,0.08493298751829,0.0,1,0.20873080188733636,0,0,0,1990
-29.0,24.0,0,0,0,-0.14017657771415934,0.0,1,-0.08165599398050093,0,0,0,1966
-29.0,24.0,0,0,0,-0.5367543326443474,0.0,1,-0.07504480764200673,0,0,0,1969
-29.0,24.0,0,1,0,0.6367565951206129,0.0,1,-0.020368011868684664,0,0,0,2000
-29.0,24.0,0,0,0,-0.14017657771415934,0.0,0,-1.7527370607282835,0,0,0,1903
-29.0,24.0,0,0,0,-0.8606811861238486,0.0,1,0.5576607613607936,1,0,0,1920
-29.0,24.0,0,0,0,-0.9186052240570377,0.0,1,-0.03822642272751078,0,0,0,1914
-29.0,24.0,0,0,0,-0.9040397426577386,0.0,0,-0.03827966838742201,0,0,0,1909
-29.0,24.0,0,0,0,-0.7747208655780348,0.0,1,-0.15662121028838696,0,0,0,1956
-29.0,24.0,0,0,0,-0.7747208655780348,0.0,1,0.04856098322622772,0,0,0,1951
-29.0,24.0,0,0,0,-0.9029336601218914,0.0,0,-0.06402420896385348,0,0,0,1900
-29.0,24.0,0,0,0,-0.14017657771415934,0.0,1,-0.03822642272751078,0,0,0,1949
-29.0,24.0,0,0,0,-0.9033943436054676,0.0,1,-0.4368603216681307,0,0,0,1926
-29.0,24.0,0,0,0,-0.8623868740748588,0.0,1,0.0005313316172157428,0,0,0,1941
-29.0,24.0,0,0,0,0.2717555874543392,0.0,1,0.07737963384122946,0,0,0,1995
-29.0,24.0,0,0,0,-0.8966486597786002,0.0,1,-0.21820205009676355,0,0,0,1923
-29.0,24.0,0,0,0,0.17791328647209,0.0,1,0.19562093544220394,0,0,0,1992
-29.0,24.0,0,1,0,-0.7747208655780348,0.0,1,0.026196629221803013,0,0,0,1950
-29.0,24.0,0,0,0,-0.14017657771415934,0.0,1,-0.823543785598103,0,0,0,1931
-29.0,24.0,0,0,0,-0.8292875777941349,0.0,1,-0.03822642272751078,0,0,0,1948
-29.0,24.0,0,0,0,-0.9008178983251544,0.0,1,-1.110153497859689,0,0,0,1932
-29.0,24.0,0,0,0,-0.8966486597786002,0.0,1,-0.27192479582849,0,0,0,1924
-29.0,24.0,0,0,0,0.5510703810694101,0.0,1,-0.09119047237804294,0,0,0,2005
-29.0,24.0,0,0,0,-0.9040858623462362,0.0,1,-0.18940290391774717,0,0,0,1913
-29.0,24.0,0,0,0,-0.5229902374320842,0.0,1,0.06996198565886584,0,0,0,1972
-29.0,24.0,0,1,0,-0.050164216283611555,0.0,1,0.1392603190898886,0,0,0,1984
-29.0,24.0,0,0,0,-0.8623868740748588,0.0,1,0.07638746366877674,0,0,0,1942
-29.0,24.0,0,0,0,0.5978166378792202,0.0,1,-0.0434552103636667,0,0,0,2006
-29.0,24.0,0,0,0,-0.9067190491841257,0.0,1,-0.011822605139538651,0,0,0,1937
-29.0,24.0,0,0,0,-0.5196719022806092,0.0,1,0.20767140472897822,0,0,0,1980
-29.0,24.0,1,0,0,-0.14017657771415934,0.0,1,0.1637398982285619,0,0,0,1978
-29.0,24.0,0,0,0,-0.9037630798586392,0.0,0,-0.4456242711116404,0,0,0,1908
-29.0,24.0,0,0,0,-0.7759746345329502,0.0,1,-0.2165353748736853,0,0,0,1959
-29.0,24.0,0,0,0,-0.9074597351091626,0.0,1,-0.30049503520783494,0,0,0,1938
-29.0,24.0,0,0,0,-0.7749949535589366,0.0,1,-0.09632049741220393,0,0,0,1957
-29.0,24.0,0,0,0,-0.14017657771415934,0.0,1,-0.2179722507904127,0,0,0,1945
-29.0,24.0,0,0,0,0.6905118312323001,0.0,1,-0.011302475405483525,0,0,0,2012
-29.0,24.0,0,1,0,0.7313213741383987,0.0,1,0.1476391308263123,0,0,0,2008
-29.0,24.0,0,0,0,-0.47723292387975336,0.0,1,0.20035407814697018,0,0,0,1979
-29.0,24.0,0,0,0,-0.9040397426577386,0.0,0,-0.13215994188332197,0,0,0,1902
-29.0,24.0,0,1,0,-0.41162452389679205,0.0,1,0.23883684651012016,0,0,0,1981
-29.0,24.0,0,1,0,0.8457708234934677,0.0,1,-0.009831437570209779,0,0,0,2001
-29.0,24.0,0,0,0,-0.775857007145914,0.0,1,-0.1854312300219217,0,0,0,1962
-29.0,24.0,0,0,0,-0.8623868740748588,0.0,1,-0.03400112396223366,0,0,0,1943
-29.0,24.0,0,0,0,-0.9025653026395684,0.0,1,-0.13624747591532832,0,0,0,1927
-29.0,24.0,0,1,0,0.5136998880886067,0.0,1,0.02608271913622147,0,0,0,1998
-29.0,24.0,0,0,0,0.5739694044577417,0.0,1,-0.05867644796510103,0,0,0,2010
-29.0,24.0,0,0,0,-0.14017657771415934,0.0,0,0.09036368529030513,0,0,0,1901
-29.0,24.0,0,0,0,-0.9078303328480887,0.0,1,-0.03822642272751078,0,0,0,1936
-29.0,24.0,1,0,0,0.0794082179377496,0.36,1,-0.03822642272751078,0,1,0,1989
-29.0,24.0,0,0,0,-0.06489013362293715,0.36,1,0.24794167766922107,0,1,0,1987
-29.0,24.0,0,0,0,-0.9032561109398772,0.0,1,-0.43453849290092056,0,0,0,1925
-29.0,24.0,0,0,0,-0.9120113053577846,0.0,1,-0.42776414373832694,0,0,0,1934
-29.0,24.0,0,0,0,-0.14017657771415934,0.36,1,0.29721481667291444,0,1,0,1986
-29.0,24.0,0,0,0,-0.7760922798446854,0.0,1,-0.10046993694002665,0,0,0,1958
-29.0,24.0,0,0,0,-0.775857007145914,0.0,1,-0.1718564969927976,0,0,0,1960
-29.0,24.0,0,0,0,-0.9025653026395684,0.0,1,-0.549888802348591,0,0,0,1930
-29.0,24.0,0,0,0,-0.8994868962692072,0.0,1,0.10780860830514448,0,0,0,1917
-29.0,24.0,0,1,0,-0.14017657771415934,0.0,1,0.03909966104319711,0,0,0,1996
-29.0,24.0,0,0,0,-0.14017657771415934,0.0,1,-0.03822642272751078,0,0,0,1919
-29.0,24.0,0,0,0,-0.5475587151915956,0.0,1,0.02114971244439302,0,0,0,1971
-29.0,24.0,0,0,0,-0.7743686097331731,0.0,1,-0.06284414868131288,0,0,0,1964
-29.0,24.0,0,0,0,0.4939001036207099,0.0,1,-0.18184870273974696,0,0,0,2004
-29.0,24.0,0,0,0,-0.7747208655780348,0.0,1,-0.16597022805829328,0,0,0,1955
-29.0,24.0,0,0,0,-0.29668072377580407,0.0,1,0.17170699027396788,0,0,0,1983
-29.0,24.0,0,1,0,-0.14017657771415934,0.0,1,-0.07078848884628385,0,0,0,1940
-29.0,24.0,0,0,0,-0.9038552902539981,0.0,1,-0.06806151781585855,0,0,0,1911
-29.0,24.0,0,0,0,-0.8996703521321323,0.0,1,-0.006071815952097448,0,0,0,1916
-29.0,24.0,0,0,0,-0.14017657771415934,0.0,1,0.02988025231498299,0,0,0,1918
-29.0,24.0,0,0,0,-0.14017657771415934,0.0,1,0.032461684366544175,0,0,0,2007
-29.0,24.0,0,0,0,-0.8717675696773272,0.0,1,-4.767423572712737,0,0,0,1921
-29.0,24.0,0,1,0,0.7840857726162823,0.0,1,-0.03822642272751078,0,0,0,2013
-29.0,24.0,0,0,0,-0.774603429094832,0.0,1,-0.20337597078985442,0,0,0,1963
-29.0,24.0,0,2,0,-0.53993847308225,0.0,1,-0.14412958544036428,0,0,0,1967
-29.0,24.0,0,0,0,-0.538458338494196,0.0,1,-0.1051585788454606,0,0,0,1968
-29.0,24.0,0,0,0,-0.14017657771415934,0.0,1,-0.2120547977322183,0,0,0,1939
-29.0,24.0,0,0,0,0.4208386839366523,0.0,1,0.07509215946000894,0,0,0,1997
-29.0,24.0,0,0,0,-0.775857007145914,0.0,1,-0.14749793753401638,0,0,0,1961
-20.2833,57.55,0,1,0,0.7773848686321179,0.0,1,0.42896410372496435,1,0,0,1981
-20.2833,57.55,0,0,0,1.1803617594082476,0.0,1,-0.12765058589444833,0,0,0,2009
-20.2833,57.55,0,0,0,0.4089967439779948,0.0,0,-0.1575483793449168,0,0,0,1960
-20.2833,57.55,0,0,0,0.931823319907497,0.0,1,0.19425826177352248,0,0,0,1989
-20.2833,57.55,0,0,0,1.1538864295147129,0.0,1,-0.059650310916457804,0,0,0,2000
-20.2833,57.55,0,0,0,1.18273741909717,0.0,1,-0.03611112995432297,0,0,0,2012
-20.2833,57.55,0,0,0,0.6529048854432856,0.0,1,0.5276181092538759,1,0,0,1980
-20.2833,57.55,0,0,0,0.22042587229118613,0.0,0,0.5126947824602384,1,0,0,1948
-20.2833,57.55,0,0,0,0.5708788145867373,0.0,1,0.22791102258819107,0,0,0,1975
-20.2833,57.55,0,0,0,0.4980572489802542,0.0,1,0.3859569081677016,1,0,0,1974
-20.2833,57.55,0,0,0,0.48598282314191493,0.0,1,-0.10960871550261457,0,0,0,1967
-20.2833,57.55,0,0,0,0.40821645815009694,0.0,0,-0.32941455240471906,0,0,0,1961
-20.2833,57.55,0,0,0,0.4564949497429532,0.0,1,-0.1567304526422668,0,0,0,1971
-20.2833,57.55,0,0,0,0.4092322772750019,0.0,0,-0.22682440154485584,0,0,0,1958
-20.2833,57.55,0,0,0,0.9136283763809284,0.0,1,0.12788842748242057,0,0,0,1990
-20.2833,57.55,0,0,0,0.5034166965325143,0.0,1,0.33488403505046044,1,0,0,1973
-20.2833,57.55,0,0,0,0.48859310317652555,0.0,1,-0.2710030433245632,0,0,0,1970
-20.2833,57.55,0,0,0,0.5745063769170559,0.0,1,0.12920355923590277,0,0,0,1976
-20.2833,57.55,1,0,0,1.0010932031964477,0.0,1,0.01658764106964548,0,0,0,1996
-20.2833,57.55,0,0,0,1.0149306706896428,0.0,1,0.22960847771780854,0,0,0,1993
-20.2833,57.55,0,0,0,1.1813946660682815,0.0,1,-0.10997624156022105,0,0,0,2010
-20.2833,57.55,0,0,0,1.1241181727533498,0.0,1,0.02608271913622147,0,0,0,1999
-20.2833,57.55,0,0,0,0.4096880032633375,0.0,0,-0.20228933002798014,0,0,0,1949
-20.2833,57.55,0,0,0,0.41231167788091644,0.0,0,-0.11296817942175595,0,0,0,1956
-20.2833,57.55,0,0,0,0.5530095742148962,0.0,1,0.10542928216404723,0,0,0,1977
-20.2833,57.55,0,1,0,0.8656859755592843,0.0,1,0.042868048339264095,0,0,0,1983
-20.2833,57.55,0,0,0,0.48714133997949244,0.0,1,-0.10791395754334307,0,0,0,1969
-20.2833,57.55,0,0,0,0.868763306254907,0.0,1,-0.2206764505371431,0,0,0,1987
-20.2833,57.55,0,1,0,0.9473360098150534,0.0,1,-0.01545500901661459,0,0,0,1984
-20.2833,57.55,0,0,0,1.194953087510825,0.0,1,-0.07656847519036486,0,0,0,2014
-20.2833,57.55,0,0,0,0.4114903043659503,0.0,1,-0.1596202740555624,0,0,0,1964
-20.2833,57.55,0,0,0,0.9264799760198569,0.0,1,0.17684891147491225,0,0,0,1991
-20.2833,57.55,0,0,0,0.9132944834170207,0.0,1,0.06697765175972022,0,0,0,1985
-20.2833,57.55,0,0,0,0.4089967439779948,0.0,0,-0.2998275181438691,0,0,0,1955
-20.2833,57.55,0,0,0,0.49052792994643807,0.0,1,-0.02182113264967485,0,0,0,1968
-20.2833,57.55,0,0,0,0.878795084867635,0.0,1,-0.05584121484155643,0,0,0,1986
-20.2833,57.55,0,0,0,0.41030559442646636,0.0,1,-0.16324080497382323,0,0,0,1963
-20.2833,57.55,0,0,0,1.181438166956451,0.0,1,-0.019812017809998403,0,0,0,2001
-20.2833,57.55,0,0,0,0.41242115118784645,0.0,0,-0.20620767558447878,0,0,0,1954
-20.2833,57.55,0,1,0,0.6378076320389467,0.0,1,0.37621896376851627,1,0,0,1979
-20.2833,57.55,0,0,0,1.170152549914502,0.0,1,0.01577489450890002,0,0,0,2011
-20.2833,57.55,0,0,0,0.40968693402734246,0.0,0,-0.33003579428372454,0,0,0,1959
-20.2833,57.55,0,0,0,0.40765398111155643,0.0,0,-0.3316836990016949,0,0,0,1953
-20.2833,57.55,0,0,0,0.3989832925641942,0.0,0,-0.36366476799539127,0,0,0,1957
-20.2833,57.55,0,0,0,1.1786350129732779,0.0,1,-0.06324273877526347,0,0,0,2013
-20.2833,57.55,0,0,0,0.9801776692664411,0.0,1,0.02805065973343352,0,0,0,1992
-20.2833,57.55,0,0,0,0.4128959334166464,0.0,0,0.1385761144967011,0,0,0,1951
-20.2833,57.55,0,0,0,0.22042587229118613,0.0,0,-1.9702738308982728,0,0,0,1947
-20.2833,57.55,0,0,0,1.1149879563287994,0.0,1,0.02419333809577069,0,0,0,1998
-20.2833,57.55,0,0,0,0.41147220012463054,0.0,1,-0.10777589885795745,0,0,0,1966
-20.2833,57.55,0,0,0,0.7990747981269477,0.0,1,0.18934570239229567,0,0,0,1982
-20.2833,57.55,0,0,0,1.1842425123801348,0.0,1,-0.03546554368071161,0,0,0,2005
-20.2833,57.55,0,0,0,0.9946513723378786,0.0,1,0.0004527784736342887,0,0,0,1995
-20.2833,57.55,0,0,0,0.8997433525470659,0.0,1,-0.0831297977105612,0,0,0,1988
-20.2833,57.55,0,0,0,0.4092322772750019,0.0,0,-0.2157315365378285,0,0,0,1962
-20.2833,57.55,0,1,0,0.868763306254907,0.0,1,0.024873219054512005,0,0,0,1997
-20.2833,57.55,0,0,0,0.868763306254907,0.0,1,0.08050190387755016,0,0,0,2007
-20.2833,57.55,0,0,0,1.1321079873521838,0.0,1,-0.07060705268921252,0,0,0,2003
-20.2833,57.55,0,0,0,0.4096880032633375,0.0,0,-0.0360132491933918,0,0,0,1950
-20.2833,57.55,0,0,0,0.868763306254907,0.0,1,0.08321204779038484,0,0,0,2006
-20.2833,57.55,0,0,0,1.1576066415212034,0.0,1,-0.042936001362178636,0,0,0,2004
-20.2833,57.55,0,0,0,0.4078719711194726,0.0,0,-0.15403452505652823,0,0,0,1952
-20.0,30.0,0,0,0,-1.1186456104487457,0.0,0,-1.4592671314397714,0,0,0,1931
-20.0,30.0,0,1,0,-1.1186456104487457,0.0,1,0.120464947421964,0,0,0,1982
-20.0,30.0,0,0,0,-1.1186456104487457,0.0,1,0.642466360079457,1,0,0,1992
-20.0,30.0,0,0,1,-1.1186456104487457,0.0,1,-0.10600723559796311,0,1,0,1971
-20.0,30.0,1,1,1,-1.1186456104487457,0.0,1,3.6319126633613816,1,1,1,2003
-20.0,30.0,0,0,0,-1.1186456104487457,0.0,0,-0.11029504160195727,0,0,0,1947
-20.0,30.0,0,0,0,-1.1186456104487457,0.0,0,4.5312923097854565,0,0,0,1950
-20.0,30.0,0,0,0,-1.1186456104487457,0.0,0,-0.10727995768191323,0,0,0,1940
-20.0,30.0,0,0,0,-1.1186456104487457,0.0,0,-0.12835458065233524,0,0,0,1964
-20.0,30.0,0,1,0,-1.1186456104487457,0.0,1,0.3893106837669209,1,0,0,1991
-20.0,30.0,0,1,0,-1.1186456104487457,0.0,1,0.37594672637461246,1,0,0,1983
-20.0,30.0,0,0,0,-1.1186456104487457,0.0,0,0.005399921964262892,0,0,0,1937
-20.0,30.0,0,0,0,-1.1186456104487457,0.0,0,-0.02607041810302561,0,0,0,1946
-20.0,30.0,0,0,0,-1.1186456104487457,0.0,0,-4.473241037556141,0,0,0,1921
-20.0,30.0,0,0,0,-1.1186456104487457,0.0,0,0.0027786031408021648,0,0,0,1943
-20.0,30.0,0,0,1,-1.1186456104487457,0.0,1,0.06450465272462706,0,1,0,1978
-20.0,30.0,0,1,1,-1.1186456104487457,0.0,1,0.11693560957092261,0,1,0,1977
-20.0,30.0,0,0,0,-1.1186456104487457,0.0,0,-0.6410963943214428,0,0,0,1938
-20.0,30.0,0,0,1,-1.1186456104487457,0.0,1,0.13597198705262462,0,1,0,1976
-20.0,30.0,0,0,0,-1.1186456104487457,0.0,0,-0.10826095290145331,0,0,0,1957
-20.0,30.0,0,0,0,-1.1186456104487457,0.0,0,-0.012963752203134818,0,0,0,1942
-20.0,30.0,0,0,0,-1.1186456104487457,0.0,1,0.18531763948757599,0,0,0,1981
-20.0,30.0,0,0,0,-1.1186456104487457,0.0,0,4.5312923097854565,0,0,0,1933
-20.0,30.0,0,0,1,-1.1186456104487457,0.0,1,-0.13436091456946525,0,1,0,1967
-20.0,30.0,0,0,1,-1.1186456104487457,0.0,1,0.17093866363680818,0,1,0,1979
-20.0,30.0,0,0,0,-1.1186456104487457,0.0,0,-0.7882982164677929,0,0,0,1932
-20.0,30.0,0,0,1,1.7010937536454542,0.0,1,-0.0354994961632629,0,1,0,2011
-20.0,30.0,0,0,0,-1.1186456104487457,0.0,0,4.5312923097854565,0,0,0,1962
-20.0,30.0,0,0,1,-1.1186456104487457,0.0,1,-0.1821517811846484,0,1,0,1968
-20.0,30.0,0,0,1,-1.1186456104487457,0.0,1,0.11076816525184441,0,1,0,1975
-20.0,30.0,0,0,0,-1.1186456104487457,0.0,0,-0.13035676060196974,0,0,0,1960
-20.0,30.0,0,0,1,-1.1186456104487457,0.0,1,-0.10203685138377822,0,1,0,1966
-20.0,30.0,0,0,1,-1.1186456104487457,0.0,1,0.017881812546499534,0,1,0,1974
-20.0,30.0,1,1,0,-1.1186456104487457,0.0,1,0.25204816334628255,0,0,1,1996
-20.0,30.0,0,1,0,-1.1186456104487457,0.0,1,0.041387055417474054,0,0,0,1988
-20.0,30.0,0,0,0,-1.1186456104487457,0.0,0,-0.11117032784918629,0,0,0,1961
-20.0,30.0,0,1,0,-1.1186456104487457,0.0,1,0.340019350946315,1,0,0,1994
-20.0,30.0,0,0,0,-1.1186456104487457,0.0,1,0.06640856281096062,0,0,0,1985
-20.0,30.0,0,0,0,-1.1186456104487457,0.0,0,0.02879372241132739,0,0,0,1951
-20.0,30.0,0,0,0,-1.1186456104487457,0.0,0,-0.07579756687684831,0,0,0,1949
-20.0,30.0,0,0,1,1.7010937536454542,0.0,1,4.5312923097854565,0,1,0,2013
-20.0,30.0,0,0,1,-1.1186456104487457,0.0,1,-0.24422750193448944,0,1,0,1969
-20.0,30.0,1,1,0,-1.1186456104487457,0.0,1,0.32132686509657954,1,0,1,1997
-20.0,30.0,0,0,0,-1.1186456104487457,0.0,0,-0.37335969789261814,0,0,0,1934
-20.0,30.0,0,0,0,-1.1186456104487457,0.0,0,0.09511341156481251,0,0,0,1948
-20.0,30.0,0,0,0,-1.1186456104487457,0.0,0,-0.07630132432155187,0,0,0,1941
-20.0,30.0,0,0,0,-1.1186456104487457,0.0,1,0.21324564270064597,0,0,0,1986
-20.0,30.0,1,1,0,-1.1186456104487457,0.0,1,0.7043860913713504,1,0,1,1998
-20.0,30.0,0,0,1,1.7010937536454542,0.0,1,-0.0785395274278715,0,1,0,2012
-20.0,30.0,0,0,0,-1.1186456104487457,0.0,0,-0.08423147889579041,0,0,0,1958
-20.0,30.0,1,1,1,-1.1186456104487457,0.0,1,3.587749481621849,1,1,1,2005
-20.0,30.0,1,1,1,-1.1186456104487457,0.0,1,0.8034291081360642,1,1,1,2000
-20.0,30.0,0,0,0,-1.1186456104487457,0.0,0,-0.27192479582849,0,0,0,1929
-20.0,30.0,1,1,1,-1.1186456104487457,0.0,1,5.520809766086422,1,1,1,2006
-20.0,30.0,0,0,0,-1.1186456104487457,0.0,0,-0.19903792031151715,0,0,0,1963
-20.0,30.0,0,0,0,-1.1186456104487457,0.0,0,-0.2092044444274147,0,0,0,1939
-20.0,30.0,0,0,0,-1.1186456104487457,0.0,0,-0.21274731161316485,0,0,0,1927
-20.0,30.0,0,0,1,-1.1186456104487457,0.0,1,-0.10266002787260815,0,1,0,1973
-20.0,30.0,0,1,0,0.9880340445629342,0.0,1,0.45621786918042245,1,0,0,1993
-20.0,30.0,0,0,0,-1.1186456104487457,0.0,0,-0.12094928418513375,0,0,0,1945
-20.0,30.0,0,0,0,-1.1186456104487457,0.0,0,-3.3568581267453252,0,0,0,1922
-20.0,30.0,0,0,0,-1.1186456104487457,0.0,0,0.06315247784958761,0,0,0,1952
-20.0,30.0,0,0,0,-1.1186456104487457,0.0,0,-0.27192479582849,0,0,0,1954
-20.0,30.0,0,0,0,-1.1186456104487457,0.0,0,-0.12169907967841524,0,0,0,1959
-20.0,30.0,1,0,1,-1.1186456104487457,0.0,1,4.5312923097854565,1,1,1,2002
-20.0,30.0,0,0,0,-1.1186456104487457,0.0,0,-0.37456246807581617,0,0,0,1936
-20.0,30.0,0,1,0,-1.1186456104487457,0.0,1,0.27161453774443717,0,0,0,1990
-20.0,30.0,1,1,1,1.6985310292514784,0.0,1,-1.6137354516467224,0,1,1,2009
-20.0,30.0,0,0,1,-1.1186456104487457,0.0,1,-0.14704966619057036,0,1,0,1970
-20.0,30.0,0,0,0,-1.1186456104487457,0.0,0,-0.10703271539657008,0,0,0,1944
-20.0,30.0,0,0,0,-1.1186456104487457,0.0,0,-0.8352948265874599,0,0,0,1923
-20.0,30.0,0,0,0,-1.1186456104487457,0.0,0,-0.21317955845568753,0,0,0,1928
-20.0,30.0,0,0,0,-1.1186456104487457,0.0,0,-0.27192479582849,0,0,0,1935
-20.0,30.0,0,0,0,-1.1186456104487457,0.0,0,4.5312923097854565,0,0,0,1956
-20.0,30.0,1,1,1,-1.1186456104487457,0.0,1,1.479260257411306,1,1,1,2004
-20.0,30.0,1,0,0,-1.1186456104487457,0.0,1,0.4187616121010904,1,0,1,1995
-20.0,30.0,0,0,0,-1.1186456104487457,0.0,1,0.16975071520320614,0,0,0,1987
-20.0,30.0,0,0,1,-1.1186456104487457,0.0,1,0.035647933606583464,0,1,0,1980
-20.0,30.0,1,0,1,-1.1186456104487457,0.0,1,1.3247920576633878,1,1,1,2001
-20.0,30.0,0,0,1,-1.1186456104487457,0.0,1,-0.11329294346107112,0,1,0,1972
-20.0,30.0,0,1,0,-1.1186456104487457,0.0,1,0.17647032226622805,0,0,0,1989
-20.0,30.0,0,0,0,-1.1186456104487457,0.0,0,-1.0216898750485965,0,0,0,1930
-20.0,30.0,1,0,0,-1.1186456104487457,0.0,1,0.8223208785927848,1,0,1,1999
-15.0,30.0,0,0,0,0.5556999411520264,0.0,1,0.05297117100289598,0,0,0,2014
-15.0,30.0,0,0,0,0.297302234465473,0.0,1,0.12667812275145754,0,0,0,2007
-15.0,30.0,0,0,0,-1.11778879433156,0.0,0,0.011445280163011506,0,0,0,1951
-15.0,30.0,0,0,0,-0.34392650433446736,0.0,0,-0.07915945929856888,0,0,0,1954
-15.0,30.0,0,0,0,-1.1177935586964864,0.0,0,-0.3126936438780788,0,0,0,1963
-15.0,30.0,0,0,0,-1.117700181923636,0.0,1,0.37411882839243216,0,0,0,1976
-15.0,30.0,0,0,0,-1.1177952262304058,0.0,0,-0.08423147889579041,0,0,0,1955
-15.0,30.0,0,1,0,0.3750397871952651,0.0,1,0.4234104770960185,1,0,0,2000
-15.0,30.0,0,1,0,-1.1177947497918153,0.0,0,-0.051983074974414206,0,0,0,1950
-15.0,30.0,0,0,0,-0.34392650433446736,0.0,1,0.10044671472167487,0,0,0,1979
-15.0,30.0,0,0,0,-1.1177943924630447,0.0,1,-0.04090362536810923,0,0,0,1972
-15.0,30.0,0,0,0,-1.1177973702073085,0.0,0,-0.06804984003529006,0,0,0,1952
-15.0,30.0,0,0,0,-1.1177943924630447,0.0,1,0.01564650240444302,0,0,0,1971
-15.0,30.0,1,1,0,-0.27133580016792846,0.0,1,0.661301542265326,1,0,1,1996
-15.0,30.0,0,0,0,0.39203456337159526,0.0,1,0.28251491387805594,0,0,0,2004
-15.0,30.0,0,0,0,-1.1177952262304058,0.0,0,-0.18336549516297104,0,0,0,1962
-15.0,30.0,0,1,0,-1.1161395189126355,0.0,1,0.3204956027559688,1,1,0,1984
-15.0,30.0,0,0,0,0.22542664183858158,0.0,1,0.2892521714779653,0,0,0,2005
-15.0,30.0,0,0,0,-1.1177914147290242,0.0,1,0.12801241209663577,0,0,0,1968
-15.0,30.0,0,1,0,-0.6298743981948354,0.0,1,1.8134816878994862,1,1,0,1993
-15.0,30.0,0,1,0,-0.34392650433446736,0.0,1,1.304671197903575,1,1,0,1990
-15.0,30.0,0,0,0,-1.1180525413805897,0.0,0,-0.11633525173215375,0,0,0,1944
-15.0,30.0,0,0,0,-1.1095135265219378,0.0,1,0.7093856087424065,1,1,0,1987
-15.0,30.0,0,1,0,0.48409304598141734,0.0,1,0.02919525813346248,0,0,0,2013
-15.0,30.0,0,1,0,-1.0203818311951782,0.0,1,1.2083131969919796,1,1,0,1991
-15.0,30.0,0,0,0,0.3954687800709657,0.0,1,0.18952025177939802,0,0,0,2009
-15.0,30.0,0,1,0,-0.5458326923516716,0.0,1,0.7968841475021645,1,1,0,1994
-15.0,30.0,0,0,0,0.4126718821053229,0.0,1,0.0718027728253067,0,0,0,2010
-15.0,30.0,0,1,0,-1.0969701903565128,0.0,1,1.4469815292630808,1,1,0,1989
-15.0,30.0,0,0,0,-1.1177968937675378,0.0,0,-0.25987276640580875,0,0,0,1961
-15.0,30.0,0,0,0,-1.1177942733534871,0.0,0,-0.1473153850478523,0,0,0,1959
-15.0,30.0,0,0,0,-1.118053494541845,0.0,0,0.0552980774494168,0,0,0,1946
-15.0,30.0,0,0,0,-0.34392650433446736,0.0,0,-0.08880796802407792,0,0,0,1960
-15.0,30.0,0,0,0,-1.118053494541845,0.0,0,-0.11953930620326628,0,0,0,1945
-15.0,30.0,0,0,0,-1.1177976084272916,0.0,0,-0.07377609447111877,0,0,0,1953
-15.0,30.0,0,1,0,-1.1015517418286516,0.0,1,0.7989522523397035,1,1,0,1986
-15.0,30.0,0,0,0,-1.1177914147290242,0.0,1,0.11659493733533163,0,0,0,1966
-15.0,30.0,0,0,0,-1.1175392973663154,0.0,1,0.16963809509897307,0,0,0,1982
-15.0,30.0,0,1,0,-0.8084792669914139,0.0,1,1.7033269030908302,1,1,0,1992
-15.0,30.0,0,0,0,-1.117789985420333,0.0,0,-0.10279012973838174,0,0,0,1956
-15.0,30.0,0,0,0,-1.1176886296302704,0.0,1,0.37411882839243216,0,0,0,1980
-15.0,30.0,0,0,0,-1.1177946306822086,0.0,1,-0.1255406649502382,0,0,0,1970
-15.0,30.0,0,0,0,0.4490266176541645,0.0,1,0.017248809871582466,0,0,0,2012
-15.0,30.0,0,0,0,-1.1175970504099544,0.0,1,0.20258340044598683,0,0,0,1981
-15.0,30.0,0,0,0,-0.34392650433446736,0.0,0,-0.09979556402755904,0,0,0,1957
-15.0,30.0,0,0,0,-1.1177914147290242,0.0,1,-0.10690879241546779,0,0,0,1964
-15.0,30.0,1,0,0,-0.21549822494514817,0.0,1,0.39607717824011707,1,0,1,1997
-15.0,30.0,0,0,0,-1.1177964173280293,0.0,1,-0.1273136681496887,0,0,0,1969
-15.0,30.0,0,1,0,-1.1171732208068494,0.0,1,0.31456505927448547,0,1,0,1983
-15.0,30.0,0,0,0,-1.1178794408708779,0.0,1,0.014794856305127212,0,0,0,1973
-15.0,30.0,0,0,0,0.3807755620614523,0.0,1,0.3595989296833134,1,0,0,2002
-15.0,30.0,0,1,0,-1.1119590489187139,0.0,1,0.5881154672064214,1,1,0,1985
-15.0,30.0,0,0,0,-1.1178794408708779,0.0,1,0.05618697895498652,0,0,0,1974
-15.0,30.0,0,0,0,-0.34392650433446736,0.0,1,0.08549031170007683,0,0,0,2006
-15.0,30.0,0,0,0,-1.1177087569215005,0.0,1,0.24780290556364873,0,0,0,1978
-15.0,30.0,0,0,0,-1.1178794408708779,0.0,1,0.11478868616916191,0,0,0,1975
-15.0,30.0,0,1,0,0.4171484940162571,0.0,1,0.16860101361041102,0,0,0,2008
-15.0,30.0,0,0,0,-1.1177990377485705,0.0,1,-0.03238015171311593,0,0,0,1967
-15.0,30.0,0,1,0,-1.1177412712267825,0.0,1,0.3170297037642743,0,0,0,1977
-15.0,30.0,0,1,0,-1.1073926014303237,0.0,1,0.37411882839243216,1,1,0,1988
-15.0,30.0,0,0,0,-0.34392650433446736,0.0,0,-0.11298239999776886,0,0,0,1943
-15.0,30.0,0,0,0,0.3692310906466976,0.0,1,0.3450490397232954,1,0,0,2003
-15.0,30.0,0,0,0,-0.34392650433446736,0.0,1,0.34429608565345626,1,0,0,2001
-12.5,18.5,0,0,0,-1.1186455840996374,0.0,0,-0.1473153850478523,0,0,0,1937
-12.5,18.5,0,0,0,-1.118645574799952,0.0,1,1.6666718394269844,1,0,0,1979
-12.5,18.5,0,0,0,1.4785922305206347,0.0,1,0.19152410749242807,0,0,0,2011
-12.5,18.5,0,0,0,-1.1186455836227303,0.0,0,-0.37579319240424314,0,0,0,1936
-12.5,18.5,0,0,0,-1.1186455806420619,0.0,0,0.2814008088241495,0,0,0,1942
-12.5,18.5,0,0,0,-1.1186455761114462,0.0,0,-0.10057857816288675,0,0,0,1956
-12.5,18.5,0,0,0,0.9900759069500655,0.0,0,-1.9920261516110405,0,0,0,1928
-12.5,18.5,0,0,0,-1.1186455790921146,0.0,0,-0.03611246351381654,0,0,0,1946
-12.5,18.5,0,0,0,0.9900759069500655,0.0,1,1.6666718394269844,1,0,0,1980
-12.5,18.5,0,0,0,-1.118645583861184,0.0,0,-1.0866515222060418,0,0,0,1930
-12.5,18.5,0,0,0,-1.1186455805228352,0.0,0,0.19967838852073608,0,0,0,1940
-12.5,18.5,0,0,0,-1.1186455850534511,0.0,0,-0.13735942155142,0,0,0,1933
-12.5,18.5,0,0,0,-1.1186455761114462,0.0,0,-0.8367947772377865,0,0,0,1954
-12.5,18.5,0,0,0,1.4264084949349811,0.0,1,0.16896193766709705,0,0,0,2008
-12.5,18.5,0,1,1,1.1970154164045448,0.0,1,1.6169651047580567,1,1,0,2001
-12.5,18.5,0,0,1,-1.118645574799952,0.0,1,1.0594490236142862,1,0,0,1976
-12.5,18.5,0,0,0,-1.1186455761114462,0.0,0,-0.15125760093601792,0,0,0,1961
-12.5,18.5,0,0,0,-1.1186455871995324,0.0,0,-1.465006841100025,0,0,0,1926
-12.5,18.5,0,0,0,-1.118645581118969,0.0,0,0.44410020861182153,1,0,0,1974
-12.5,18.5,1,1,1,-0.8527036175001942,0.0,1,2.03677138764556,1,1,0,1997
-12.5,18.5,0,0,0,0.9900759069500655,0.0,1,0.7264155479293325,1,0,0,1978
-12.5,18.5,1,1,1,-1.1186378607455394,0.0,1,5.746005495686407,1,1,0,1993
-12.5,18.5,1,1,1,-0.547270752886258,0.0,1,1.6666718394269844,1,1,0,1998
-12.5,18.5,0,0,0,0.9900759069500655,0.0,1,0.4684119448492728,1,0,0,1975
-12.5,18.5,0,0,0,-1.1186455806420619,0.0,0,0.05204493134543067,0,0,0,1944
-12.5,18.5,0,0,0,-1.118645575753766,0.0,0,-0.06804984003529006,0,0,0,1950
-12.5,18.5,0,0,0,-1.1186455871995324,0.0,0,-8.382066419547323,0,0,0,1925
-12.5,18.5,0,0,0,-1.118645583861184,0.0,0,-0.01838346587501727,0,0,0,1935
-12.5,18.5,0,0,0,-1.1186455839804106,0.0,0,-1.0318580229588286,0,0,0,1929
-12.5,18.5,0,0,0,1.4412991482350637,0.0,1,0.18761942456422212,0,0,0,2006
-12.5,18.5,0,0,0,-1.1186455758729927,0.0,0,-0.27192479582849,0,0,0,1953
-12.5,18.5,0,0,0,-1.1186455759922196,0.0,0,-0.004048867443530778,0,0,0,1962
-12.5,18.5,0,0,0,-1.1186455758729927,0.0,0,-0.10191298690686175,0,0,0,1952
-12.5,18.5,0,0,0,0.9900759069500655,0.0,0,-0.1493199981408753,0,0,0,1938
-12.5,18.5,0,1,1,1.3668692026043292,0.0,1,1.299407472679957,1,1,0,2002
-12.5,18.5,0,0,0,-1.1186455761114462,0.0,0,-0.3710343682477682,0,0,0,1960
-12.5,18.5,1,2,1,-1.1118857007158862,0.0,1,8.178101629658375,1,1,0,1995
-12.5,18.5,0,0,0,1.4259617213368003,0.0,1,0.16407129154450886,0,0,0,2007
-12.5,18.5,0,1,0,-1.1186455761114462,0.0,0,1.6666718394269844,0,0,0,1970
-12.5,18.5,0,0,0,-1.118645575753766,0.0,0,-1.6191224044924613,0,0,0,1951
-12.5,18.5,0,0,0,1.4726609612100645,0.0,1,0.21282501535206438,0,0,0,2010
-12.5,18.5,0,0,0,1.4835754982328724,0.0,1,0.07931342176619319,0,0,0,2013
-12.5,18.5,0,1,0,0.9900759069500655,0.0,1,0.37191170206368024,1,0,0,2005
-12.5,18.5,0,0,0,-1.1186455806420619,0.0,0,0.1929881703617585,0,0,0,1947
-12.5,18.5,0,0,0,-1.1186455774229402,0.0,0,-0.20368018839471896,0,0,0,1939
-12.5,18.5,0,0,0,-1.1186455761114462,0.0,0,1.6666718394269844,0,0,0,1955
-12.5,18.5,0,1,0,1.4565630654250108,0.0,1,0.6670824956183646,1,0,0,2004
-12.5,18.5,0,1,0,1.4379589135269648,0.0,1,1.2136651471765654,1,1,0,2003
-12.5,18.5,0,1,1,0.9761357075037057,0.0,1,2.559618286397772,1,1,0,2000
-12.5,18.5,0,2,1,0.48946321641060486,0.0,1,2.1818279019548066,1,1,0,1999
-12.5,18.5,0,1,0,-1.1186455759922196,0.0,0,-0.27192479582849,0,0,0,1959
-12.5,18.5,1,1,1,-0.906724601801898,0.0,1,10.302484386841508,1,1,0,1996
-12.5,18.5,0,0,0,-1.1186455761114462,0.0,0,-0.1502969556411726,0,0,0,1958
-12.5,18.5,0,1,0,-1.1186455782575273,0.0,0,0.23999472433063293,0,0,0,1972
-12.5,18.5,0,0,0,-1.1186455796882482,0.0,0,-4.3449349850354055,0,0,0,1948
-12.5,18.5,0,0,0,-1.1186455955454038,0.0,0,0.4778839786081014,1,0,0,1921
-12.5,18.5,0,0,0,1.4798134502898193,0.0,1,0.11764029476764193,0,0,0,2012
-12.5,18.5,0,0,0,-1.1186455734884582,0.0,0,1.6666718394269844,0,0,0,1931
-12.5,18.5,0,0,0,-1.1186455839804106,0.0,0,-0.09206661181014292,0,0,0,1934
-12.5,18.5,0,0,0,-1.118645574799952,0.0,1,0.9479040147893045,1,0,0,1977
-12.5,18.5,0,1,0,-1.1186453958406464,0.0,1,1.6666718394269844,1,1,0,1991
-12.5,18.5,0,0,0,-1.1186455775421669,0.0,0,-0.007356179273564208,0,0,0,1971
-12.5,18.5,0,1,0,1.465015762510808,0.0,1,0.19665720848070098,0,0,0,2009
-12.5,18.5,0,0,0,1.4917737469643562,0.0,1,0.0384113089947857,0,0,0,2014
-12.5,18.5,0,0,0,-1.1186455806420619,0.0,0,0.2544546288754626,0,0,0,1941
-12.5,18.5,0,0,0,-1.1186455863649454,0.0,0,-4.537315535080833,0,0,0,1927
-12.5,18.5,0,1,0,0.9900759069500655,0.0,0,0.2374970855680992,0,0,0,1973
-12.5,18.5,0,0,0,-1.1186455769460333,0.0,0,0.9441093185052263,1,0,0,1923
-12.5,18.5,0,0,0,-1.1186455761114462,0.0,0,-0.20249362822819458,0,0,0,1957
1.0,38.0,0,0,0,1.350587193620803,0.0,1,0.08142440632338777,0,1,1,1996
1.0,38.0,0,0,0,0.6094695403555692,0.0,0,0.011033591022662494,0,0,0,1955
1.0,38.0,1,0,0,1.0138154203241396,0.0,1,-0.039457556378873625,0,0,1,1988
1.0,38.0,1,1,0,1.2350141649694388,0.0,1,0.4428048146117435,1,0,1,1992
1.0,38.0,0,0,0,0.6094695403555692,0.0,1,0.3153428104567669,0,0,0,1975
1.0,38.0,0,1,0,1.0676898243213937,0.0,1,0.04753755510034977,0,0,1,1989
1.0,38.0,0,0,0,1.1796992815190306,0.0,1,-0.23240798203664495,0,0,0,1967
1.0,38.0,0,0,0,1.432928796133055,0.0,1,0.06860011128165584,0,0,0,2004
1.0,38.0,0,0,0,0.4301976735443041,0.0,0,0.08286851593718052,0,0,0,1949
1.0,38.0,0,0,0,1.3832629309202542,0.0,1,-0.05838837457447651,0,0,0,2007
1.0,38.0,0,0,0,0.6094695403555692,0.0,0,-0.1226438490606574,0,0,0,1957
1.0,38.0,0,0,0,0.6094695403555692,0.0,1,0.25231561050684237,0,0,0,1974
1.0,38.0,0,0,0,0.6094695403555692,0.0,0,-0.21219085560535358,0,0,0,1959
1.0,38.0,0,0,0,0.6094628993694257,0.0,0,0.07324174551986024,0,0,0,1950
1.0,38.0,0,0,0,0.6094695403555692,0.0,0,-0.1274679312893992,0,0,0,1961
1.0,38.0,0,0,0,0.6094695403555692,0.0,0,-0.27192479582849,0,0,0,1958
1.0,38.0,0,0,0,0.6094628993694257,0.0,0,0.013507378398126659,0,0,0,1952
1.0,38.0,0,1,0,1.1561113377283962,0.0,1,0.3037823214185145,0,0,0,1991
1.0,38.0,0,0,0,0.6094695403555692,0.0,1,-0.27192479582849,0,0,0,1963
1.0,38.0,0,0,0,1.4176210601010246,0.0,1,0.05330530482307374,0,0,0,2005
1.0,38.0,0,0,0,1.1796992815190306,0.0,1,-0.0008899196976862358,0,0,0,2003
1.0,38.0,1,0,0,1.3548214256053146,0.0,1,-0.17335206828244032,0,1,1,1995
1.0,38.0,0,0,0,1.4542050135558573,0.0,1,0.20311750038481982,0,0,0,2011
1.0,38.0,1,0,0,1.1796992815190306,0.0,1,0.1810645213813122,0,0,1,1987
1.0,38.0,0,0,0,1.4648998477203448,0.0,1,0.026259455774339822,0,0,0,2014
1.0,38.0,0,0,0,1.4283863576295392,0.0,1,0.12417671823555872,0,0,0,2009
1.0,38.0,1,1,0,1.4035350674466218,0.0,1,0.6967587865159963,1,0,1,1993
1.0,38.0,0,0,0,0.6105240308735976,0.0,1,0.2310062226237651,0,0,0,1978
1.0,38.0,0,0,0,0.6094695403555692,0.0,0,-0.05319437354168355,0,0,0,1954
1.0,38.0,0,0,0,0.6094695403555692,0.0,1,-0.07694997700743941,0,0,0,1966
1.0,38.0,0,0,0,1.4426563488563966,0.0,1,-0.05680785255196905,0,0,0,2010
1.0,38.0,0,0,0,0.6094695403555692,0.0,0,-0.16162490217954534,0,0,0,1956
1.0,38.0,0,0,0,1.3832738818114283,0.0,1,0.15663724233280563,0,1,1,1997
1.0,38.0,0,0,0,0.8986422817311734,0.0,1,0.14920273339995646,0,0,0,1983
1.0,38.0,0,0,0,0.6094628993694257,0.0,0,-0.10571456573606597,0,0,0,1953
1.0,38.0,0,0,0,0.6367565950587029,0.0,1,0.19977743934482856,0,0,0,1980
1.0,38.0,0,0,0,1.1053076343754975,0.0,1,0.13973424616058966,0,0,0,1990
1.0,38.0,0,0,0,0.6215471633245935,0.0,1,0.0604155430503445,0,0,0,1979
1.0,38.0,0,0,0,1.1796992815190306,0.0,1,-0.009289066548635115,0,0,0,2013
1.0,38.0,0,0,0,0.6094695403555692,0.0,0,-0.11791769852033236,0,0,0,1962
1.0,38.0,0,0,0,1.3802284143822139,0.0,1,0.021463789335808902,0,1,1,1998
1.0,38.0,0,0,0,1.1796992815190306,0.0,1,0.08286851593718052,0,0,0,1973
1.0,38.0,0,0,0,0.4301976735443041,0.0,0,0.09385931157865003,0,0,0,1948
1.0,38.0,0,0,0,0.6094628993694257,0.0,0,0.13204850095364296,0,0,0,1951
1.0,38.0,0,0,0,1.407788562529554,0.0,1,0.000920198371989001,0,0,0,2006
1.0,38.0,0,1,0,0.8657377572149823,0.0,1,0.19881072017109683,0,0,0,1982
1.0,38.0,1,0,0,1.2961259672603072,0.0,1,0.4655863544681108,1,1,1,1994
1.0,38.0,0,0,0,0.6094695403555692,0.0,1,-0.1593454044411818,0,0,0,1970
1.0,38.0,0,0,0,1.4565961761008293,0.0,1,0.09484015358051677,0,0,0,2012
1.0,38.0,0,1,0,1.419426110554319,0.0,1,-0.008142768056070272,0,0,1,1999
1.0,38.0,0,1,0,1.4340033991854302,0.0,1,0.22576174694656737,0,0,0,2008
1.0,38.0,0,1,0,0.7755636984638152,0.0,1,0.05530537293327019,0,0,0,1981
1.0,38.0,0,0,0,1.4321266577293024,0.0,1,-0.14392086813759378,0,0,0,2002
1.0,38.0,0,0,0,0.6094695403555692,0.0,1,-0.012560907191318204,0,0,0,1971
1.0,38.0,0,0,0,0.6094695403555692,0.0,1,-0.00784618544556915,0,0,0,1965
1.0,38.0,1,0,0,0.9580689027991227,0.0,1,0.11761566986254189,0,0,1,1986
1.0,38.0,0,0,0,0.6094695403555692,0.0,1,-0.2970449474478877,0,0,0,1964
1.0,38.0,0,0,0,0.9517354054425301,0.0,1,0.33211366460632563,1,0,0,1984
1.0,38.0,0,0,0,0.6094695403555692,0.0,1,-0.2830607169188009,0,0,0,1969
1.0,38.0,0,1,0,0.677887081382037,0.0,1,0.09866741292688375,0,0,0,1976
7.0,21.0,1,1,0,1.7478770453654988,0.0,1,0.39837521986260593,1,1,1,1994
7.0,21.0,0,0,0,1.74463943257132,0.0,1,-0.05523384029507735,0,1,0,2003
7.0,21.0,0,0,0,1.7522238533098569,0.0,1,0.016789614366092963,0,1,0,2005
7.0,21.0,0,0,0,1.7360135672389707,0.0,1,-0.5372868708499611,0,1,0,2004
7.0,21.0,1,0,0,1.6408878025400022,0.0,1,0.13834227175281788,0,0,1,1977
7.0,21.0,0,0,0,1.7106915619790826,0.0,1,0.13280217067286226,0,0,0,1960
7.0,21.0,1,0,0,1.7693366105446389,0.0,1,-0.4228407356534272,0,1,1,1999
7.0,21.0,1,0,0,1.7106915619790826,0.0,1,-0.6306464669316366,0,1,1,1991
7.0,21.0,0,0,0,1.7398887115304957,0.0,1,0.020808673699404034,0,1,0,2006
7.0,21.0,0,0,0,1.653504854549029,0.0,1,-1.9011426656930015,0,0,0,1972
7.0,21.0,0,0,0,1.6471672017970258,0.0,0,0.1757114974175684,0,0,0,1958
7.0,21.0,0,0,0,1.7268872339341714,0.0,1,-0.20750012755486316,0,1,0,2007
7.0,21.0,0,0,0,1.6472430736091237,0.0,1,-0.1563956164930666,0,0,0,1967
7.0,21.0,1,0,0,1.7106915619790826,0.0,1,0.12316598940961251,0,0,1,1976
7.0,21.0,0,1,0,1.6472582416243742,0.0,0,-0.0765085679651321,0,0,0,1959
7.0,21.0,1,0,0,1.6774049216227838,0.0,1,-0.8172976825708789,0,1,1,1988
7.0,21.0,0,0,0,1.6469879338861548,0.0,1,0.11195005292191265,0,0,0,1964
7.0,21.0,0,0,0,1.7106915619790826,0.0,1,-0.03929494539716443,0,0,0,1968
7.0,21.0,0,0,0,1.7294557620968372,0.0,1,-0.0861455156774867,0,1,0,2009
7.0,21.0,1,0,0,1.63463826391188,0.0,1,0.18751000692039826,0,0,1,1980
7.0,21.0,0,0,0,1.7106915619790826,0.0,1,0.4485088327171692,1,0,0,1971
7.0,21.0,0,0,0,1.6469879338861548,0.0,1,0.04965396027547083,0,0,0,1962
7.0,21.0,0,0,0,1.6321797582150912,0.0,1,0.016789614366092963,0,0,0,1974
7.0,21.0,1,0,0,1.7534329127745707,0.0,1,-0.48372710972740557,0,1,1,1998
7.0,21.0,0,0,0,1.718991072602781,0.0,1,0.21446393594712618,0,1,0,1983
7.0,21.0,1,0,0,1.6537336089244314,0.0,1,-0.2894532087992921,0,1,1,1990
7.0,21.0,0,0,0,1.6643640348656141,0.0,1,-0.0779911078032272,0,0,0,1970
7.0,21.0,0,0,0,1.7066740653094488,0.0,1,0.12185973287160458,0,1,0,1985
7.0,21.0,0,0,0,1.6335961030307142,0.0,1,0.24461676003032068,0,0,0,1975
7.0,21.0,0,0,0,1.6485488233683196,0.0,1,-0.11768775296361081,0,0,0,1966
7.0,21.0,0,0,0,1.7106915619790826,0.0,1,-0.13230671701696328,0,1,0,1986
7.0,21.0,1,0,0,1.6710502503630749,0.0,1,-0.22537856557277156,0,1,1,1989
7.0,21.0,0,0,0,1.6233075115015607,0.0,0,0.016789614366092963,0,0,0,1957
7.0,21.0,0,0,0,1.7648612634220757,0.0,1,-0.13739806693336332,0,1,0,2002
7.0,21.0,1,0,0,1.6700776870020688,0.0,1,0.2166009781989475,0,1,1,1981
7.0,21.0,1,0,0,1.6640018965394796,0.0,1,-0.3448075329071913,0,1,1,1992
7.0,21.0,1,0,0,1.6225912912899363,0.0,1,0.1465969726165672,0,0,1,1978
7.0,21.0,1,0,0,1.7602451299224366,0.0,1,-0.1711422170202802,0,1,1,1997
7.0,21.0,0,0,0,1.7490523936903914,0.0,1,0.14875974508477602,0,1,0,2014
7.0,21.0,0,0,0,1.6470304987800433,0.0,1,0.09506432423759778,0,0,0,1965
7.0,21.0,0,0,0,1.7825409696742738,0.0,1,-0.07389442249334095,0,1,0,2001
7.0,21.0,0,0,0,1.739680421588621,0.0,1,-0.004312066808989027,0,1,0,2012
7.0,21.0,1,0,0,1.7380149498667552,0.0,1,0.30555339306649065,0,1,1,1995
7.0,21.0,1,0,0,1.6914893986098187,0.0,1,0.18626129663137628,0,0,1,1982
7.0,21.0,0,0,0,1.7419057586206812,0.0,1,0.016789614366092963,0,1,0,2011
7.0,21.0,1,0,0,1.7455738943043324,0.0,1,0.016789614366092963,0,1,1,1996
7.0,21.0,0,0,0,1.777141657187735,0.0,1,-0.09879762581217902,0,1,0,2000
7.0,21.0,0,0,0,1.6470244191538947,0.0,1,0.016719261424346436,0,0,0,1961
7.0,21.0,0,0,0,1.7355365203786735,0.0,1,-0.12380138050228849,0,1,0,1984
8.0,-5.0,0,0,0,1.6653791261973543,0.0,1,-0.0600839424214941,0,1,0,1992
8.0,-5.0,1,0,0,1.6805591122592438,0.0,1,0.02793512204954885,0,1,1,1988
8.0,-5.0,0,0,0,1.6195260718209552,0.0,1,0.3513169082729989,1,0,0,1979
8.0,-5.0,0,0,0,-1.1186456104487457,0.0,1,-0.20315617571428418,0,1,0,2009
8.0,-5.0,0,0,0,-1.1186456104487457,0.0,1,-0.1562547963271496,0,1,0,2007
8.0,-5.0,0,0,0,1.6746636208481513,0.0,1,-0.1451309036492292,0,1,0,1993
8.0,-5.0,0,0,0,1.6313249369696028,0.0,1,0.08005324091875066,0,0,0,1980
8.0,-5.0,0,0,0,1.6844454178027493,0.0,1,0.025050415707697872,0,1,0,1986
8.0,-5.0,0,0,0,-1.1186456104487457,0.0,0,-0.13612011313621972,0,0,0,1953
8.0,-5.0,0,0,0,-1.1186456104487457,0.0,1,-0.11682785929726375,0,0,0,1967
8.0,-5.0,0,0,0,1.6713403214725004,0.0,1,0.07666256385133537,0,0,0,1981
8.0,-5.0,1,0,0,1.6585092802528933,0.0,1,0.005735159386918312,0,1,1,1991
8.0,-5.0,0,0,0,-1.1186456104487457,0.0,1,-0.12467205308155155,0,0,0,2013
8.0,-5.0,0,0,0,1.7560694240854422,0.0,1,-0.02547182702329012,0,1,0,1998
8.0,-5.0,0,0,0,1.6975009345991017,0.0,1,0.04107318393163969,0,0,0,1982
8.0,-5.0,0,0,0,1.566795421975635,0.0,1,-0.3806590221504535,0,0,0,1971
8.0,-5.0,0,0,0,-1.1186456104487457,0.0,0,0.010388639662016726,0,0,0,1959
8.0,-5.0,0,0,0,-1.1186456104487457,0.0,0,-0.13612011313621972,0,0,0,1955
8.0,-5.0,0,0,0,-1.1186456104487457,0.0,1,-0.5238460406804524,0,0,0,1960
8.0,-5.0,0,0,0,-1.1186456104487457,0.0,1,0.005735159386918312,0,1,0,2006
8.0,-5.0,0,0,0,1.6653791261973543,0.0,1,0.0602737613214405,0,0,0,1970
8.0,-5.0,0,0,0,-1.1186456104487457,0.0,1,-0.04424924550422026,0,0,0,1966
8.0,-5.0,0,0,0,-1.1186456104487457,0.0,0,0.24838278412721423,0,0,0,1952
8.0,-5.0,0,0,0,1.7460014800091008,0.0,1,-0.1196552526504858,0,1,0,1996
8.0,-5.0,0,0,0,-1.1186456104487457,0.0,1,-0.17830094869454058,0,1,0,2004
8.0,-5.0,0,0,0,-1.1186456104487457,0.0,1,-0.16094753402452147,0,1,0,2010
8.0,-5.0,1,0,0,1.6783324744902706,0.0,1,-0.20449765883537296,0,1,1,1989
8.0,-5.0,0,0,0,-1.1186456104487457,0.0,0,-0.5416310221528744,0,0,0,1954
8.0,-5.0,0,0,0,-1.1186456104487457,0.0,1,-0.09499291477319798,0,1,0,2003
8.0,-5.0,0,0,0,-1.1186456104487457,0.0,1,0.051201934470487966,0,0,0,1968
8.0,-5.0,0,0,0,-1.1186456104487457,0.0,1,-0.30609629287110474,0,1,0,2000
8.0,-5.0,0,0,0,1.7391810018886493,0.0,1,0.20478105343743794,0,1,0,1995
8.0,-5.0,0,0,0,1.566795421975635,0.0,1,0.3972669922893529,1,0,0,1977
8.0,-5.0,0,0,0,1.566795421975635,0.0,1,0.02919525813346248,0,1,0,1987
8.0,-5.0,0,0,0,-1.1186456104487457,0.0,0,0.18186894968507317,0,0,0,1957
8.0,-5.0,0,0,0,-1.1186456104487457,0.0,1,0.21177922489100862,0,0,0,1961
8.0,-5.0,0,0,0,-1.1186456104487457,0.0,0,0.34074504958855545,1,0,0,1958
8.0,-5.0,0,0,0,1.7073257878766257,0.0,1,-0.16327423362544652,0,1,0,1985
8.0,-5.0,0,1,0,1.7489943655329936,0.0,1,0.4211151914402532,1,1,0,1994
8.0,-5.0,0,0,0,-1.1186456104487457,0.0,1,-0.05185722954820526,0,1,0,2011
8.0,-5.0,0,0,0,1.6460688401532348,0.0,1,0.24469421228361396,0,0,0,1978
8.0,-5.0,0,0,0,-1.1186456104487457,0.0,1,-0.20839068638990185,0,0,0,1999
8.0,-5.0,0,0,0,-1.1186456104487457,0.0,1,-0.6834065764302426,0,0,0,1964
8.0,-5.0,0,0,0,-1.1186456104487457,0.0,1,-0.1630491872700845,0,0,0,1965
8.0,-5.0,1,0,0,1.6595959456057576,0.0,1,-0.3341703999050976,0,1,1,1990
8.0,-5.0,0,0,0,-1.1186456104487457,0.0,1,-0.2383683824930317,0,0,0,2014
8.0,-5.0,0,0,0,1.566795421975635,0.0,0,-0.04844683098058768,0,0,0,1956
8.0,-5.0,0,0,0,1.6320233244436975,0.0,1,0.28735054040151126,0,0,0,1974
8.0,-5.0,0,0,0,1.6531896194469244,0.0,1,-0.19259854434420604,0,0,0,1972
8.0,-5.0,0,0,0,-1.1186456104487457,0.0,1,-0.28717008863350685,0,0,0,1962
8.0,-5.0,0,0,0,1.7280585534228436,0.0,1,-0.004154498768010673,0,1,0,1983
8.0,-5.0,0,0,0,-1.1186456104487457,0.0,1,-0.10374707101830734,0,1,0,2002
8.0,-5.0,0,0,0,-1.1186456104487457,0.0,1,-0.055162447655331924,0,1,0,2001
8.0,-5.0,0,0,0,1.6426422173450332,0.0,1,0.17941661589995586,0,0,0,1973
8.0,-5.0,0,0,0,1.73718907876816,0.0,1,-0.057812880980129586,0,1,0,1984
8.0,-5.0,0,0,0,-1.1186456104487457,0.0,1,0.009372752169857609,0,1,0,2008
10.0,8.0,0,0,0,-1.1186456104487457,0.0,0,0.02581480777740502,0,0,0,1956
10.0,8.0,0,0,0,-0.6236928328256162,0.0,1,0.11227653317268392,0,0,0,1979
10.0,8.0,0,0,0,1.0722922150593084,0.0,1,0.19831583282253887,1,0,0,1996
10.0,8.0,1,0,0,1.5763041265830808,0.0,1,0.13116749217801948,0,0,1,2011
10.0,8.0,0,0,0,-1.1186456104487457,0.0,0,-0.7226408061303449,0,0,0,1958
10.0,8.0,0,0,0,-1.1186456104487457,0.0,0,0.005029648052151445,0,0,0,1955
10.0,8.0,0,0,0,-1.1186456104487457,0.0,1,0.006379883804154917,0,0,0,1961
10.0,8.0,0,0,0,1.507307308155955,0.0,1,0.028023148699305424,0,0,0,2000
10.0,8.0,0,0,0,-1.1186456104487457,0.0,1,0.19831583282253887,0,0,0,1962
10.0,8.0,0,0,0,1.5352493058765273,0.0,1,0.178316534528167,0,0,0,2002
10.0,8.0,1,0,0,1.5728640833718677,0.0,1,0.07166861065754297,0,0,1,2013
10.0,8.0,0,0,0,-1.1186456104487457,0.0,1,0.19831583282253887,0,0,0,1968
10.0,8.0,0,0,0,-0.4856840837523296,0.0,1,0.633649429817282,1,0,0,1984
10.0,8.0,0,0,0,-1.1186456104487457,0.0,0,-0.04277702140312089,0,0,0,1959
10.0,8.0,0,0,0,-1.1186456104487457,0.0,1,0.2335031157969367,0,0,0,1971
10.0,8.0,1,0,0,1.2409780911440718,0.0,1,0.05952892281709717,0,0,1,2014
10.0,8.0,0,0,0,1.5219483083238647,0.0,1,-0.019093588200959445,0,0,0,2007
10.0,8.0,0,0,0,1.5439266525030209,0.0,1,0.22369553990555213,0,1,0,2004
10.0,8.0,1,0,0,1.5675994726749134,0.0,1,0.19663563663608213,0,0,1,2010
10.0,8.0,0,0,0,1.2409780911440718,0.0,1,0.19831583282253887,0,0,0,1983
10.0,8.0,0,1,0,1.2409780911440718,0.0,1,0.19831583282253887,0,0,0,1999
10.0,8.0,0,1,0,-0.5698544831999686,0.0,1,0.15084284395337855,0,0,0,1973
10.0,8.0,0,0,0,1.513399814168277,0.0,1,0.2994290294097945,0,0,0,2001
10.0,8.0,0,0,0,-1.1186456104487457,0.0,1,0.1899885107960459,0,0,0,1970
10.0,8.0,0,0,0,-0.5859753893890411,0.0,1,0.2894675377858399,0,0,0,1976
10.0,8.0,1,0,0,1.0723006535852324,0.0,1,0.9843378009397928,1,0,1,1995
10.0,8.0,0,0,0,-0.5950621714813911,0.0,1,0.1411404174326771,0,0,0,1974
10.0,8.0,0,0,0,-1.1186456104487457,0.0,1,-0.375507979346724,0,0,0,1963
10.0,8.0,0,1,0,0.7164152948602354,0.0,1,0.05530537293327019,1,1,0,1990
10.0,8.0,0,1,0,-0.3915692861433267,0.0,1,-0.09783242582186398,1,0,0,1985
10.0,8.0,0,0,0,-1.1186456104487457,0.0,1,-0.933579892182682,0,0,0,1967
10.0,8.0,0,1,0,-0.5824415130653456,0.0,1,0.33011809973426265,0,0,0,1981
10.0,8.0,0,0,0,-0.5960187352696074,0.0,1,0.6023824360638893,1,0,0,1975
10.0,8.0,1,0,0,1.0740669366606008,0.0,1,0.8276834476064527,1,1,1,1994
10.0,8.0,0,1,0,0.2217403866730349,0.0,1,0.0073820500372214805,0,0,0,1986
10.0,8.0,1,0,0,1.5729436322924752,0.0,1,0.16352544317494458,0,0,1,2012
10.0,8.0,0,0,0,-0.5757070521756168,0.0,1,0.23965239741625566,0,0,0,1978
10.0,8.0,0,0,0,-1.1186456104487457,0.0,1,-0.20732060746016703,0,0,0,1964
10.0,8.0,0,0,0,-1.1186456104487457,0.0,0,-0.17374473113567812,0,0,0,1957
10.0,8.0,0,0,0,-1.1186456104487457,0.0,1,-0.046462975526469136,0,0,0,1965
10.0,8.0,0,0,0,1.07229061461074,0.0,1,0.054389679708267503,0,0,0,1998
10.0,8.0,0,0,0,-0.5737366356827243,0.0,1,0.3615916923613494,1,0,0,1977
10.0,8.0,0,0,0,-1.1186456104487457,0.0,1,0.13505393623741135,0,0,0,1969
10.0,8.0,0,0,0,-0.5625538548891035,0.0,1,-0.004059985318358759,1,0,0,1982
10.0,8.0,0,0,0,-1.1186456104487457,0.0,0,-0.10281180372032343,0,0,0,1954
10.0,8.0,0,1,0,0.33788417726016634,0.0,1,0.15296636611233547,0,1,0,1987
10.0,8.0,0,0,0,1.5391083260022924,0.0,1,0.2803632594705149,0,1,0,2005
10.0,8.0,0,0,0,-1.1186456104487457,0.0,1,-0.056208682740858565,0,0,0,1960
10.0,8.0,1,0,0,1.07229061461074,0.0,1,0.12711412977129513,1,0,0,1997
10.0,8.0,0,1,0,0.6418372638257575,0.0,1,0.19831583282253887,1,1,0,1989
10.0,8.0,0,0,0,-0.640636962569481,0.0,1,0.19831583282253887,0,0,0,1980
10.0,8.0,0,0,0,1.5442266630636654,0.0,1,0.14868976912192652,0,0,0,2008
10.0,8.0,1,0,0,1.5663137551821535,0.0,1,0.17071839193604788,0,0,1,2009
10.0,8.0,1,0,0,1.0722239965200346,0.0,1,0.8247154816131562,1,1,1,1993
10.0,8.0,0,0,0,1.5380356332562257,0.0,1,0.0641802543913144,0,0,0,2006
27.0,30.0,1,0,0,-0.5452582843178768,0.0,1,0.22160213314176988,0,0,1,1982
27.0,30.0,0,0,0,-0.9090359504693085,0.0,1,-0.19309481917597,0,0,0,1909
27.0,30.0,0,0,0,-0.907645012733252,0.0,1,0.23114836880040793,0,0,0,1905
27.0,30.0,0,0,0,-0.9024625885219854,0.0,1,-0.0019148054428261754,0,0,0,1863
27.0,30.0,0,0,0,-0.9112664400290841,0.0,1,-1.1406969042568829,0,0,0,1895
27.0,30.0,0,0,0,-0.9108012471846316,0.0,1,0.10316009988958263,0,0,0,1896
27.0,30.0,0,0,0,-0.8708820431682248,0.0,1,-0.6740125212848043,0,0,0,1947
27.0,30.0,0,0,0,-0.9086647996391706,0.0,1,-2.7035802894227676,0,0,0,1910
27.0,30.0,0,0,0,-0.9079230088447944,0.0,1,-0.08248988182954603,0,0,0,1886
27.0,30.0,0,0,0,-0.9079230088447944,0.0,1,0.1445417077712099,0,0,0,1913
27.0,30.0,0,0,0,-0.5452582837437009,0.0,1,0.3876519538092284,1,0,0,1986
27.0,30.0,0,0,0,-0.9113595107048739,0.0,1,-0.8611734894191222,0,0,0,1873
27.0,30.0,0,0,0,-0.9091287648072907,0.0,1,-0.5975400824953004,0,0,0,1904
27.0,30.0,0,0,0,-0.9091287648072907,0.0,1,0.08164754787706048,0,0,0,1908
27.0,30.0,0,0,0,-0.9082938191426312,0.0,1,-0.02938175200320519,0,0,0,1884
27.0,30.0,0,0,0,-0.9086647996391706,0.0,1,0.041053664375775865,0,0,0,1900
27.0,30.0,0,0,0,-0.8708820431682248,0.0,1,0.631820708025065,1,0,0,1942
27.0,30.0,0,0,0,-0.9087575713726576,0.0,1,-0.5354502676707582,0,0,0,1883
27.0,30.0,0,0,0,0.5957592683192259,0.0,1,0.027318470884962604,0,0,0,2013
27.0,30.0,0,0,0,-0.7162147016506548,0.0,1,0.18357805405515568,0,0,0,1965
27.0,30.0,0,0,0,-0.5452582837437009,0.0,1,0.16085734015803413,0,0,0,1985
27.0,30.0,0,0,0,-0.9004505057676568,0.0,1,0.1452305955820379,0,0,0,1938
27.0,30.0,0,0,0,-0.91015042631256,0.4,1,-2.4542921957444275,0,1,0,1876
27.0,30.0,0,0,0,-0.9087575713726576,0.0,1,-1.782746692256918,0,0,0,1927
27.0,30.0,0,0,0,-0.9087575713726576,0.0,1,-0.02938175200320519,0,0,0,1882
27.0,30.0,0,0,0,-0.8228894391636635,0.0,1,-2.446953973334411,0,0,0,1932
27.0,30.0,0,0,0,-0.8651499626078474,0.0,1,-0.42541891750952515,0,0,0,1939
27.0,30.0,0,0,0,-0.3898155608407472,0.0,1,-0.09847558817458639,0,0,0,2002
27.0,30.0,0,0,0,-0.7796299976346801,0.0,1,-0.4134067117548751,0,0,0,1958
27.0,30.0,1,0,0,-0.8300017072777655,0.0,1,-0.02938175200320519,0,0,1,1931
27.0,30.0,0,0,0,0.5028130440707804,0.0,1,0.08047552264326674,0,0,0,2005
27.0,30.0,0,0,0,-0.7816024160878061,0.0,1,-0.02938175200320519,0,0,0,1954
27.0,30.0,0,0,0,-0.8773690776425623,0.0,1,-8.96281371867226,0,0,0,1921
27.0,30.0,0,0,0,-0.9086647996391706,0.0,1,-0.62948735448144,0,0,0,1887
27.0,30.0,0,0,0,-0.907645012733252,0.0,1,0.11493488551208117,0,0,0,1891
27.0,30.0,0,0,0,-0.9024625885219854,0.0,1,-0.002209757744712652,0,0,0,1862
27.0,30.0,0,0,0,-0.7484366512982301,0.0,1,0.1080595780042845,0,0,0,1975
27.0,30.0,0,0,0,-0.9097787636707264,0.0,1,-1.5135454488260716,0,0,0,1936
27.0,30.0,0,0,0,0.232951518968213,0.0,1,0.004827110773225909,0,0,0,1997
27.0,30.0,0,0,0,-0.7162147016506548,0.0,1,-0.2623551223809828,0,0,0,1967
27.0,30.0,0,0,0,-0.5452582837437009,0.0,1,0.2274924274256544,0,0,0,1988
27.0,30.0,0,0,0,-0.9112664400290841,0.0,1,0.38880105608839727,1,0,0,1934
27.0,30.0,0,0,0,-0.9082938191426312,0.0,1,0.09665329724359731,0,0,0,1906
27.0,30.0,1,1,0,-0.3898155608407472,0.0,1,0.34187474456970124,1,0,0,1990
27.0,30.0,0,0,0,-0.9103363217030167,0.4,1,0.1241654300532294,0,1,0,1879
27.0,30.0,0,0,0,0.2778268193708394,0.0,1,-0.11332481106933474,0,0,0,2000
27.0,30.0,0,0,0,-0.9097787636707264,0.0,1,-1.2781420562293375,0,0,0,1888
27.0,30.0,0,0,0,-0.9130366158733344,0.0,1,-0.374843567784781,0,0,0,1937
27.0,30.0,0,0,0,-0.7796299976346801,0.0,1,-0.22221466804641454,0,0,0,1959
27.0,30.0,0,0,0,-0.91015042631256,0.0,1,-3.367491634254223,0,0,0,1893
27.0,30.0,0,1,0,0.37963416496130625,0.0,1,-0.1314143896834079,0,0,0,2001
27.0,30.0,0,0,0,-0.8708820431682248,0.0,1,-0.02938175200320519,0,0,0,1940
27.0,30.0,0,0,0,-0.3898155608407472,0.0,1,-0.0019407348664004513,0,0,0,1868
27.0,30.0,0,0,0,-0.9127568569047626,0.4,1,-0.31160500091556054,0,1,0,1877
27.0,30.0,0,0,0,-0.9077376674782754,0.0,1,-1.580838648621894,0,0,0,1903
27.0,30.0,0,0,0,0.507993460606154,0.0,1,0.15122691866201501,0,0,0,2010
27.0,30.0,0,0,0,0.23558945131862086,0.0,1,-0.02938175200320519,0,0,0,1999
27.0,30.0,0,0,0,0.5495848634789975,0.0,1,0.07581141239748447,0,0,0,2012
27.0,30.0,0,0,0,-0.9030257757778594,0.0,1,-4.04699036402127,0,0,0,1915
27.0,30.0,0,0,0,-0.7796299976346801,0.0,1,-0.22022885941968975,0,0,0,1960
27.0,30.0,0,0,0,-0.7162147016506548,0.0,1,-0.13172183041584248,0,0,0,1972
27.0,30.0,0,0,0,-0.8708820431682248,0.0,1,-0.27192479582849,0,0,0,1945
27.0,30.0,0,0,0,-0.7162147016506548,0.0,1,-0.09214836624984975,0,0,0,1970
27.0,30.0,0,0,0,-0.7816024160878061,0.0,1,-2.281755616023609,0,0,0,1952
27.0,30.0,0,1,0,-0.34700146439735163,0.0,1,-0.02938175200320519,1,0,0,1989
27.0,30.0,1,0,0,0.2334180580690836,0.0,1,0.08624754167638381,0,0,0,1994
27.0,30.0,0,0,0,-0.7162147016506548,0.0,1,-0.008546411324866963,0,0,0,1973
27.0,30.0,1,0,0,0.2304245964563227,0.0,1,0.135979604282413,0,0,0,1993
27.0,30.0,0,1,0,0.5376537742490082,0.0,1,-0.27192479582849,0,0,0,2003
27.0,30.0,0,0,0,-0.9087575713726576,0.0,1,-0.02938175200320519,0,0,0,1912
27.0,30.0,0,0,0,-0.9108942643560038,0.0,1,-0.263105109001384,0,0,0,1901
27.0,30.0,0,0,0,-0.9173383983498135,0.0,1,-2.156174936407588,0,0,0,1933
27.0,30.0,0,0,0,-0.9040397426577386,0.0,1,0.5616927273556387,1,0,0,1917
27.0,30.0,0,0,0,0.4826566304288709,0.0,1,0.15141270320157296,0,0,0,2008
27.0,30.0,0,0,0,-0.9024625885219854,0.0,1,-0.0018379003992472069,0,0,0,1861
27.0,30.0,0,0,0,0.5266898145700515,0.0,1,0.13712283575415934,0,0,0,2011
27.0,30.0,0,0,0,-0.8708820431682248,0.0,1,-0.14563596017867078,0,0,0,1946
27.0,30.0,0,0,0,-0.9075523686109149,0.0,1,-0.02938175200320519,0,0,0,1926
27.0,30.0,0,0,0,-0.9085720385515331,0.0,1,-2.9008669057716747,0,0,0,1881
27.0,30.0,0,0,0,-0.9046856582259585,0.0,1,0.2839910181815206,0,0,0,1918
27.0,30.0,0,0,0,-0.9082938191426312,0.0,1,0.05682760924300693,0,0,0,1890
27.0,30.0,0,0,0,-0.9078303328480887,0.0,1,-1.437224600383054,0,0,0,1930
27.0,30.0,0,0,0,-0.7484366512982301,0.0,1,0.11781075426995886,0,0,0,1976
27.0,30.0,0,0,0,-0.9098716633190946,0.0,1,-0.11343654856065752,0,0,0,1897
27.0,30.0,0,0,0,-0.5452582837437009,0.4,1,0.26502088386961536,0,1,0,1984
27.0,30.0,0,0,0,-0.9024625885219854,0.0,1,-0.0018798040361387989,0,0,0,1864
27.0,30.0,0,0,0,-0.913129890351267,0.0,1,-1.3130161399875457,0,0,0,1899
27.0,30.0,0,0,0,-0.9116387869843046,0.4,1,-0.31926899417532034,0,1,0,1878
27.0,30.0,0,1,0,-0.7816024160878061,0.0,1,-0.27192479582849,0,0,0,1949
27.0,30.0,0,0,0,-0.9024625885219854,0.0,1,-0.0020962915737388057,0,0,0,1860
27.0,30.0,0,0,0,0.6099407635252514,0.0,1,0.11304121081053475,0,0,0,2014
27.0,30.0,0,0,0,-0.8708820431682248,0.0,1,0.3924232852692197,1,0,0,1941
27.0,30.0,0,0,0,-0.7816024160878061,0.0,1,0.04705480643507494,0,0,0,1951
27.0,30.0,0,0,0,0.232951518968213,0.0,1,-0.03141177081214062,0,0,0,1998
27.0,30.0,0,0,0,0.232951518968213,0.0,1,0.03260698019079781,0,0,0,1996
27.0,30.0,0,0,0,-0.5452582843178768,0.0,1,0.3291362444439128,1,0,1,1980
27.0,30.0,0,0,0,-0.907645012733252,0.4,1,-0.16169767438336607,0,1,0,1880
27.0,30.0,0,0,0,-0.3898155608407472,0.0,1,-0.17322410510423553,0,0,0,1874
27.0,30.0,1,1,0,0.22419460542708647,0.0,1,0.21820964789392258,0,0,0,1991
27.0,30.0,0,0,0,-0.9078303328480887,0.0,1,-0.010403142564842956,0,0,0,1925
27.0,30.0,0,0,0,-0.3898155608407472,0.0,1,-0.3228602889120791,0,0,0,1902
27.0,30.0,0,0,0,-0.912290806713097,0.0,1,-0.0018422087550951985,0,0,0,1870
27.0,30.0,0,0,0,-0.7484366512982301,0.0,1,0.1494736421053399,0,0,0,1977
27.0,30.0,1,0,0,0.22520702808865362,0.0,1,0.34052045072903153,1,0,0,1992
27.0,30.0,0,1,0,-0.5452582837437009,0.0,1,0.10814793576896321,0,0,0,1979
27.0,30.0,0,0,0,-0.3898155608407472,0.0,1,-0.14837299392757156,0,0,0,1963
27.0,30.0,0,0,0,-0.7816024160878061,0.0,1,0.07207141026516015,0,0,0,1950
27.0,30.0,0,0,0,-0.9095001287443565,0.0,1,-1.0123633381291324,0,0,0,1894
27.0,30.0,0,0,0,-0.5452582837437009,0.0,1,0.4087206133022543,1,0,0,1987
27.0,30.0,0,0,0,-0.9105222598290998,0.0,1,-0.011476441886482246,0,0,0,1935
27.0,30.0,0,0,0,-0.7816024160878061,0.0,1,-0.02938175200320519,0,0,0,1953
27.0,30.0,0,0,0,-0.7796299976346801,0.0,1,-0.19355518796835497,0,0,0,1961
27.0,30.0,0,0,0,-0.9017371128172338,0.0,1,0.03568450218850966,0,0,0,1924
27.0,30.0,0,0,0,-0.7162147016506548,0.0,1,-0.08018767701150954,0,0,0,1969
27.0,30.0,0,0,0,-0.7484366512982301,0.0,1,0.12632434724738667,0,0,0,1974
27.0,30.0,1,0,0,-0.5452582843178768,0.0,1,0.24369576046651573,0,0,1,1983
27.0,30.0,0,0,0,-0.7816024160878061,0.0,1,-0.27192479582849,0,0,0,1955
27.0,30.0,0,0,0,-0.9024625885219854,0.0,1,-0.0020847413231109475,0,0,0,1865
27.0,30.0,1,0,0,0.2332625938160627,0.0,1,0.09440352545884437,0,0,0,1995
27.0,30.0,0,0,0,-0.3898155608407472,0.0,1,-0.2379023311667563,0,0,0,1968
27.0,30.0,0,0,0,-0.7816024160878061,0.0,1,-0.06945858959711418,0,0,0,1956
27.0,30.0,0,0,0,-0.9089431467856163,0.0,1,-0.38842524214912627,0,0,0,1914
27.0,30.0,0,0,0,-0.910057494637894,0.0,1,-0.8667497962572158,0,0,0,1872
27.0,30.0,0,0,0,-0.7484366512982301,0.0,1,0.14141055876695663,0,0,0,1978
27.0,30.0,0,0,0,-0.7162147016506548,0.0,1,0.020799656799748843,0,0,0,1966
27.0,30.0,0,0,0,0.5359195955652023,0.0,1,0.0611207005290732,0,0,0,2004
27.0,30.0,0,0,0,-0.8708820431682248,0.0,1,0.27328101724534665,0,0,0,1943
27.0,30.0,0,0,0,-0.9040397426577386,0.0,1,0.30788849427111104,0,0,0,1916
27.0,30.0,0,0,0,-0.8982496605438991,0.0,1,-2.7225719357187623,0,0,0,1922
27.0,30.0,0,0,0,-0.9092215898016739,0.0,1,-0.15319878823205024,0,0,0,1892
27.0,30.0,0,0,0,-0.7162147016506548,0.0,1,0.05334256812041506,0,0,0,1964
27.0,30.0,0,1,0,-0.7162147016506548,0.0,1,-0.8671308417289993,0,0,0,1962
27.0,30.0,0,0,0,-0.8387071385876009,0.0,1,0.3309673355413562,1,0,0,1920
27.0,30.0,1,0,0,-0.3898155608407472,0.0,1,-0.18637994571614042,0,0,1,1907
28.0,3.0,0,0,0,1.4137678105606195,0.0,1,-0.03771256729396002,0,0,0,2008
28.0,3.0,0,0,0,1.4352767186096709,0.0,1,-0.09666977719866734,0,0,0,2013
28.0,3.0,0,0,0,-0.3082602107042004,0.0,0,0.95009938962986,1,0,0,1947
28.0,3.0,0,0,0,0.4280339282550082,0.0,1,-0.12281903025779657,0,0,0,1969
28.0,3.0,0,0,0,0.25007701113847247,0.0,0,-0.20368018839471896,0,0,0,1954
28.0,3.0,0,0,0,0.44668117289457693,0.0,1,0.009219934783206747,0,0,0,1984
28.0,3.0,0,0,0,1.003752660845563,0.0,0,0.13982654603773573,0,0,0,1873
28.0,3.0,0,1,0,0.581108735098037,0.0,1,0.13027845921966422,0,0,0,1988
28.0,3.0,0,0,0,1.105855766355447,0.23,1,0.3291362444439128,1,1,0,1993
28.0,3.0,0,0,0,1.3559449279853726,0.23,1,0.29628249346788105,0,1,0,1996
28.0,3.0,0,0,0,1.003752660845563,0.0,1,-0.009831437570209779,0,0,0,1997
28.0,3.0,0,0,0,-1.0601584847296321,0.0,0,-2.885283107115191,0,0,0,1882
28.0,3.0,0,0,0,-1.058475146701961,0.0,0,-0.778467274189188,0,0,0,1872
28.0,3.0,0,0,0,0.41085195340074826,0.0,1,0.12124841130151442,0,0,0,1985
28.0,3.0,0,0,0,0.2485719166205467,0.0,0,0.38284134288583466,1,0,0,1949
28.0,3.0,0,0,0,1.4397798373002861,0.0,1,-0.17983055882695764,0,0,0,2002
28.0,3.0,0,0,0,0.3195410544263127,0.0,1,0.08187641276794486,0,0,0,1974
28.0,3.0,1,1,0,0.8479759304561755,0.0,1,0.09211180318716787,0,0,1,1990
28.0,3.0,0,0,0,0.25007701113847247,0.0,0,-0.3710343682477682,0,0,0,1953
28.0,3.0,0,1,0,1.003752660845563,0.23,1,0.48043206039476266,1,1,0,1995
28.0,3.0,0,0,0,1.003752660845563,0.0,1,-0.06073532188705701,0,0,0,2001
28.0,3.0,0,0,0,0.3451108329361863,0.0,0,-0.11065902014267356,0,0,0,1957
28.0,3.0,0,0,0,1.3988190853676243,0.0,1,0.13027845921966422,0,0,0,2007
28.0,3.0,0,0,0,1.4615323135093186,0.0,1,-0.11047634798482739,0,0,0,2014
28.0,3.0,0,0,0,1.4351427381977384,0.0,1,0.13027845921966422,0,0,0,2012
28.0,3.0,0,0,0,-1.0592846907956635,0.0,0,-5.8231444381866195,0,0,0,1875
28.0,3.0,0,0,0,-1.0587475033047256,0.0,0,-4.330733133812933,0,0,0,1879
28.0,3.0,0,0,0,1.003752660845563,0.0,1,-0.049247294727638516,0,0,0,2011
28.0,3.0,0,0,0,1.003752660845563,0.0,0,0.4701597341775436,1,0,0,1877
28.0,3.0,0,0,0,1.418789043045305,0.0,1,0.13027845921966422,0,0,0,2009
28.0,3.0,0,0,0,0.34338306764158644,0.0,1,0.08402850965948844,0,0,0,1973
28.0,3.0,1,0,0,-1.058486261588649,0.0,0,-0.0892869161397043,0,0,1,1870
28.0,3.0,0,0,0,1.4075076522641152,0.0,1,-0.12397532215459102,0,0,0,1999
28.0,3.0,0,0,0,0.25007701113847247,0.0,0,0.13027845921966422,0,0,0,1952
28.0,3.0,0,0,0,-1.0589276401338468,0.0,0,-0.4697316243233861,0,0,0,1876
28.0,3.0,0,0,0,1.41841117038174,0.0,1,-0.058604409162742906,0,0,0,2003
28.0,3.0,0,0,0,0.396901197328593,0.0,1,0.005006627913516104,0,0,0,1971
28.0,3.0,0,0,0,0.416226414921991,0.0,1,0.2027970935868224,0,0,0,1986
28.0,3.0,0,0,0,0.10516627543125663,0.0,0,0.8935288224614362,1,0,0,1948
28.0,3.0,0,0,0,0.3666517482055092,0.0,1,0.21555427739355257,0,0,0,1981
28.0,3.0,0,0,0,-0.5171176200259668,0.0,0,0.4550668133718256,1,0,0,1942
28.0,3.0,1,1,0,1.0642631804346077,0.23,1,0.4202209318391309,1,1,1,1991
28.0,3.0,0,0,0,1.4184140531770306,0.0,1,-0.06908541744828213,0,0,0,2004
28.0,3.0,0,0,0,-1.0587475033047256,0.0,0,0.13027845921966422,0,0,0,1881
28.0,3.0,0,0,0,0.3871149890379048,0.0,1,-0.041857229902793246,0,0,0,1972
28.0,3.0,0,0,0,-0.7059646966481884,0.0,0,0.1044607609001419,0,0,0,1939
28.0,3.0,0,0,0,-0.3090694287180929,0.0,0,0.2865499650838882,0,0,0,1946
28.0,3.0,0,0,0,1.373946836635052,0.0,1,-0.03448216087828927,0,0,0,1998
28.0,3.0,0,0,0,1.4208508087713345,0.0,1,0.13027845921966422,0,0,0,2005
28.0,3.0,0,0,0,0.42795594236791235,0.0,1,-0.004848225516761914,0,0,0,1987
28.0,3.0,0,0,0,0.3644124139222004,0.0,1,0.2672291925068733,0,0,0,1976
28.0,3.0,0,0,0,0.31621201484346495,0.0,1,0.1022343841912452,0,0,0,1980
28.0,3.0,0,1,0,-0.6703582385798659,0.0,0,0.7011374891355231,1,0,0,1943
28.0,3.0,0,0,0,0.4280339282550082,0.0,1,0.0179986137531389,0,0,0,1968
28.0,3.0,0,0,0,-0.7057214882699768,0.0,0,0.13027845921966422,0,0,0,1941
28.0,3.0,0,0,0,0.33590494570696106,0.0,1,0.16065009811262768,0,0,0,1975
28.0,3.0,0,0,0,-0.6759113586442893,0.0,0,0.35931055815053226,1,0,0,1940
28.0,3.0,0,0,0,0.2979153058620126,0.0,1,0.1022468587192414,0,0,0,1978
28.0,3.0,0,0,0,0.2499267090229003,0.0,0,-0.27192479582849,0,0,0,1950
28.0,3.0,0,0,0,0.4280339282550082,0.0,0,0.13027845921966422,0,0,0,1961
28.0,3.0,0,0,0,0.42591934716713903,0.0,1,0.05363921241176079,0,0,0,1983
28.0,3.0,0,0,0,-1.0588375669443466,0.0,0,-0.4328207156085657,0,0,0,1878
28.0,3.0,0,1,0,0.4280339282550082,0.0,0,-0.020020743586007857,0,0,0,1960
28.0,3.0,0,0,0,0.4251454572048406,0.0,0,0.09138095150673808,0,0,0,1959
28.0,3.0,0,0,0,-1.0595495168535447,0.0,0,-0.8017927476632638,0,0,0,1874
28.0,3.0,0,0,0,0.32445880900378643,0.0,1,0.1456348896183055,0,0,0,1977
28.0,3.0,0,0,0,1.003752660845563,0.0,0,-0.15220235501313348,0,0,0,1956
28.0,3.0,0,0,0,0.25007701113847247,0.0,0,0.02222413477309331,0,0,0,1951
28.0,3.0,1,0,0,1.0862466366391206,0.23,1,0.508386575362571,1,1,1,1992
28.0,3.0,0,1,0,1.2837941366382573,0.23,1,0.4684053638865299,1,1,0,1994
28.0,3.0,0,0,0,-1.058596306815216,0.0,0,-4.027239144634359,0,0,0,1884
28.0,3.0,0,0,0,0.4280339282550082,0.0,1,0.13027845921966422,0,0,0,1970
28.0,3.0,0,0,0,0.3959651316843126,0.0,1,0.017789055236833988,0,0,0,1982
28.0,3.0,0,0,0,-1.057892930054265,0.0,0,0.20582688646342645,0,0,0,1871
28.0,3.0,0,0,0,1.4257185604994045,0.0,1,-0.0712770773907523,0,0,0,2010
28.0,3.0,0,0,0,0.42483552239664496,0.0,0,0.1644156261979969,0,0,0,1958
28.0,3.0,0,0,0,1.003752660845563,0.0,0,-0.41971986569293573,0,0,0,1883
28.0,3.0,0,1,0,-0.6703582385798659,0.0,0,0.6433132251119379,1,0,0,1944
28.0,3.0,0,0,0,-0.3090694287180929,0.0,0,0.4746152561370535,1,0,0,1945
32.0,-5.0,0,0,0,-0.5171176200259668,0.0,0,0.5982790572043477,1,0,0,1942
32.0,-5.0,0,0,0,0.728917254791021,0.0,1,-0.11773020539424345,0,0,0,1998
32.0,-5.0,0,0,0,0.2623061258727389,0.0,0,0.3759646588239647,1,0,0,1951
32.0,-5.0,0,0,0,0.2623061258727389,0.0,0,-0.02628875612542231,0,0,0,1952
32.0,-5.0,0,0,0,0.43856177614797615,0.0,1,-0.19573979829740965,0,0,0,1968
32.0,-5.0,0,0,0,0.43681512304853787,0.0,1,-0.12917851796977742,0,0,0,1965
32.0,-5.0,0,0,0,0.43687546807945427,0.0,1,-0.019247975689643444,0,0,0,1962
32.0,-5.0,0,0,0,0.7704766892731311,0.0,1,-0.1162833533181777,0,0,0,2002
32.0,-5.0,0,0,0,0.2623061258727389,0.0,0,-0.004682079979769198,0,0,0,1955
32.0,-5.0,0,0,0,0.4669197871046614,0.0,1,0.16959304123922936,0,0,0,1981
32.0,-5.0,0,0,0,0.5187243210018601,0.0,1,-0.008593648389160774,0,0,0,1963
32.0,-5.0,0,0,0,0.7504449630473038,0.0,1,-0.20130242302703721,0,0,0,1997
32.0,-5.0,0,0,0,0.6945733472272902,0.0,1,0.07814383020778479,0,0,0,2011
32.0,-5.0,0,0,0,0.8256779942537168,0.0,1,-0.2274444926735426,0,0,0,2001
32.0,-5.0,1,0,0,0.6660931208900276,0.13,1,0.006091020224593175,0,1,1,1983
32.0,-5.0,0,0,0,0.2630530642154721,0.0,1,-0.1365249854448822,0,0,0,1957
32.0,-5.0,0,0,0,0.5187243210018601,0.0,1,-0.13841114652741146,0,0,0,1961
32.0,-5.0,0,0,0,0.6745726366599271,0.13,1,-0.13418912526023546,0,1,0,1988
32.0,-5.0,0,0,0,0.7893832456106543,0.0,1,-0.15494897378932507,0,0,0,2000
32.0,-5.0,0,0,0,0.6695624323734658,0.13,1,-0.10138499753175585,0,1,0,1989
32.0,-5.0,0,0,0,0.7036337934858135,0.0,1,-0.19436444995322918,0,0,0,2003
32.0,-5.0,0,0,0,0.2623061258727389,0.0,1,0.07814383020778479,0,0,0,1956
32.0,-5.0,0,0,0,0.4394025105033384,0.0,1,-0.16634140781356968,0,0,0,1969
32.0,-5.0,0,0,0,0.4371167654655742,0.0,1,-0.2923566762726362,0,0,0,1966
32.0,-5.0,0,1,0,0.5187243210018601,0.0,0,0.37256798391272294,1,0,0,1949
32.0,-5.0,0,0,0,0.40948480253181824,0.0,1,-0.05365057607761382,0,0,0,1971
32.0,-5.0,0,0,0,0.5466325047568654,0.0,1,0.12359227312003479,0,0,0,1982
32.0,-5.0,1,0,0,0.7429525605807434,0.0,1,0.16857844875902875,0,0,1,1984
32.0,-5.0,0,0,0,-0.29632196952403045,0.0,0,0.6238365547395811,1,0,0,1948
32.0,-5.0,0,0,0,0.2623061258727389,0.0,0,-0.1283852691679897,0,0,0,1954
32.0,-5.0,0,0,0,0.6887759500273736,0.0,1,0.0034976727576889067,0,0,0,1995
32.0,-5.0,0,0,0,0.43672458998091496,0.0,1,-0.059530039230432555,0,0,0,1964
32.0,-5.0,0,0,0,0.3614670455836217,0.0,1,0.09560980582533112,0,0,0,1980
32.0,-5.0,0,1,0,0.2623061258727389,0.0,0,-0.1696832881829602,0,0,0,1950
32.0,-5.0,0,0,0,0.3049364506620201,0.0,1,0.10355100231387226,0,0,0,1978
32.0,-5.0,0,1,0,-0.29632196952403045,0.0,0,0.828302645231771,1,0,0,1947
32.0,-5.0,0,0,0,0.38721615363433387,0.0,1,-0.09842051139747944,0,0,0,1972
32.0,-5.0,0,0,0,0.43715696883206284,0.0,1,0.07814383020778479,0,0,0,1970
32.0,-5.0,0,0,0,0.7286416109045658,0.0,1,0.07814383020778479,0,0,0,2005
32.0,-5.0,0,0,0,0.7187993631626636,0.0,1,-0.008556357332075786,0,0,0,1992
32.0,-5.0,0,0,0,0.30475529805437906,0.0,1,0.03545586281380127,0,0,0,1973
32.0,-5.0,0,0,0,-0.29632196952403045,0.0,0,0.8204878075035962,1,0,0,1946
32.0,-5.0,0,0,0,0.2623061258727389,0.0,0,-0.40019398582677695,0,0,0,1953
32.0,-5.0,0,0,0,0.6650541186610465,0.13,1,0.0004527784736342887,0,1,0,1990
32.0,-5.0,0,0,0,0.3597814481951878,0.0,1,0.13052162236413806,0,0,0,1977
32.0,-5.0,0,0,0,0.6456122066589959,0.0,1,-0.14954795849924132,0,0,0,2007
32.0,-5.0,0,0,0,0.2983779944576694,0.0,1,0.030042223440494436,0,0,0,1975
32.0,-5.0,0,0,0,0.34573864193450937,0.0,1,0.13433903665142388,0,0,0,1976
32.0,-5.0,0,0,0,0.6749703545042635,0.0,1,-0.17651900805488505,0,0,0,2004
32.0,-5.0,0,0,0,0.668219583260624,0.0,1,-0.07209765878511375,0,0,0,2008
32.0,-5.0,0,0,0,0.6711551074372542,0.0,1,0.08481048718902659,0,0,0,1991
32.0,-5.0,0,0,0,0.3396340611118643,0.0,1,0.2436336324246231,0,0,0,1974
32.0,-5.0,0,0,0,0.7143427410691042,0.0,1,-0.028030821739076305,0,0,0,1994
32.0,-5.0,0,0,0,0.7670204654582403,0.0,1,-0.22250692399387945,0,0,0,1999
32.0,-5.0,0,0,0,0.6881117469489587,0.0,1,-0.09547118225187862,0,0,0,2006
32.0,-5.0,0,0,0,0.7016488173600255,0.13,1,0.07804270263229765,0,1,0,1986
32.0,-5.0,0,0,0,0.6868611203700739,0.0,1,-0.18750969274405704,0,0,0,2012
32.0,-5.0,0,1,0,-0.6257532926346451,0.0,0,0.07814383020778479,1,0,0,1944
32.0,-5.0,0,0,0,-0.430612144787747,0.0,0,0.5127257426709505,1,0,0,1941
32.0,-5.0,0,0,0,0.6543976824059305,0.0,1,-0.20531800404143472,0,0,0,2009
32.0,-5.0,0,0,0,0.2847052633614399,0.0,1,0.07584849470280232,0,0,0,1979
32.0,-5.0,0,0,0,-0.430612144787747,0.0,0,0.40571962344576024,1,0,0,1940
32.0,-5.0,0,1,0,0.4250421696817967,0.0,1,-0.5265737119694603,0,0,0,1959
32.0,-5.0,0,0,0,0.7072486695001268,0.0,1,-0.23877942174864594,0,0,0,2014
32.0,-5.0,0,0,0,0.4372273158831217,0.0,1,-0.38712140058681965,0,0,0,1967
32.0,-5.0,0,0,0,0.6711607632892809,0.0,1,-0.1569828736525173,0,0,0,2013
34.0,9.0,0,0,0,1.6965716539566718,0.0,0,-0.061024765496652054,0,0,0,1954
34.0,9.0,0,0,0,-0.6568386832440539,0.0,1,-0.11519424634366054,0,0,0,1969
34.0,9.0,0,0,0,-0.7381405675758534,0.06,1,0.07333294912441173,0,1,0,1979
34.0,9.0,0,0,0,-0.7270248584645149,0.0,1,-0.002250121149743443,0,0,0,1964
34.0,9.0,0,0,0,-0.7270248584645149,0.0,1,-0.469792318303429,0,0,0,1961
34.0,9.0,0,0,0,-0.6568386832440539,0.0,1,-0.11354786333456762,0,0,0,1967
34.0,9.0,0,0,0,-0.3465723879774109,0.0,1,-0.10284915591196761,0,0,0,1998
34.0,9.0,0,0,0,-0.6568386832440539,0.0,1,-0.04875190318806062,0,0,0,1966
34.0,9.0,1,0,0,-0.41443210411482206,0.0,1,-0.015681504592633656,0,0,1,1992
34.0,9.0,0,0,0,1.3402113178395996,0.0,1,-0.053239840885058884,0,0,0,2010
34.0,9.0,0,0,0,1.3402113178395996,0.0,1,0.06434363521259587,0,0,0,1987
34.0,9.0,0,0,0,-0.6841283186513021,0.0,1,-0.05881357486630454,0,0,0,1971
34.0,9.0,0,0,0,-0.7520771205130157,0.0,1,0.07864673621367124,0,0,0,1973
34.0,9.0,0,1,0,-0.46905038085558165,0.0,1,0.004580074838638146,0,0,0,1986
34.0,9.0,0,0,0,-0.5132936968769178,0.0,1,0.04567514205534973,0,0,0,1985
34.0,9.0,0,0,0,-0.2674928314562104,0.0,1,-0.06280546551489471,0,0,0,2006
34.0,9.0,0,0,0,1.6965716539566718,0.0,0,-0.3275935643751549,0,0,0,1953
34.0,9.0,0,0,0,1.3402113178395996,0.0,1,-0.08232223319847515,0,0,0,2004
34.0,9.0,0,0,0,-0.6568386832440539,0.0,1,-0.17290659020431554,0,0,0,1970
34.0,9.0,0,0,0,-0.23489349965880144,0.0,1,-0.11666571052890563,0,0,0,2000
34.0,9.0,1,0,0,-0.3703311969050341,0.0,1,-0.06657544047649919,0,0,1,1993
34.0,9.0,0,0,0,1.2967283608743791,0.0,0,0.39890012914562617,1,0,0,1941
34.0,9.0,0,0,0,-0.7270248584645149,0.06,1,-0.2053898268514775,0,1,0,1963
34.0,9.0,0,0,0,-0.19513705587052319,0.0,1,-0.08540854642124916,0,0,0,2011
34.0,9.0,0,1,0,1.5241344333625082,0.0,0,0.7399218164001554,1,0,0,1946
34.0,9.0,0,0,0,-0.2971560212670377,0.0,1,-0.08942232777002183,0,0,0,2007
34.0,9.0,0,0,0,-0.4555919167154571,0.0,1,0.0743719008568593,0,0,0,1984
34.0,9.0,1,0,0,-0.4566528580264175,0.0,1,0.049673374064295554,0,0,1,1991
34.0,9.0,0,0,0,1.3402113178395996,0.0,0,0.19789273166986895,0,0,0,1945
34.0,9.0,1,0,0,-0.39543758784572575,0.0,1,-0.01876743504865145,0,0,1,1994
34.0,9.0,0,0,0,-0.3269255732136428,0.0,1,-0.08316829891013379,0,0,0,1997
34.0,9.0,0,0,0,-0.17805215206538294,0.0,1,-0.028130845245836773,0,0,0,2012
34.0,9.0,0,1,0,-0.6568386832440539,0.0,1,-0.014647550481644888,0,0,0,1965
34.0,9.0,0,0,0,1.3256050428881476,0.0,0,0.9783343138075001,1,0,0,1943
34.0,9.0,0,0,0,-0.30210313448056386,0.0,1,-0.1186271189145843,0,0,0,2003
34.0,9.0,0,0,0,-0.5953508528737504,0.06,1,0.19562093544220394,0,1,0,1982
34.0,9.0,0,0,0,-0.25361095949468565,0.0,1,-0.11939790862448792,0,0,0,2002
34.0,9.0,0,0,0,1.5403193821368062,0.0,0,0.40565971037753396,1,0,0,1942
34.0,9.0,0,0,0,1.5241344333625082,0.0,0,0.07864673621367124,1,0,0,1948
34.0,9.0,0,0,0,-0.47082879992918114,0.0,1,0.015051233301770682,0,0,0,1990
34.0,9.0,0,0,0,-0.6876109269226811,0.0,1,-0.11897087872695648,0,0,0,1972
34.0,9.0,0,0,0,1.6965716539566718,0.0,0,0.030019194382103785,0,0,0,1952
34.0,9.0,0,0,0,-0.20569715876111577,0.0,1,-0.1518774805033544,0,0,0,2001
34.0,9.0,0,0,0,-0.529866767719311,0.0,1,0.08431313504626951,0,0,0,1983
34.0,9.0,0,0,0,1.3402113178395996,0.0,1,-0.12841010408401757,0,0,0,1968
34.0,9.0,0,0,0,1.6965716539566718,0.0,0,-0.27192479582849,0,0,0,1955
34.0,9.0,0,0,0,-0.7270248584645149,0.0,1,-1.7595573060801,0,0,0,1959
34.0,9.0,0,0,0,-0.6313611077940219,0.0,1,-0.09514714401392789,0,0,0,1976
34.0,9.0,0,0,0,1.3402113178395996,0.0,1,-0.007159466365637387,0,0,0,1962
34.0,9.0,0,0,0,1.3212513693645733,0.0,0,0.35570578368587075,1,0,0,1940
34.0,9.0,0,0,0,-0.28464107781225584,0.0,1,-0.11675074050693839,0,0,0,1999
34.0,9.0,0,1,0,1.6965716539566718,0.0,0,-0.08688472477834204,0,0,0,1950
34.0,9.0,0,0,0,1.3402113178395996,0.0,1,0.07864673621367124,0,0,0,2013
34.0,9.0,0,0,0,1.5241344333625082,0.0,0,0.9288249265745414,1,0,0,1947
34.0,9.0,0,1,0,1.3521386112493914,0.0,0,0.5905619589952265,1,0,0,1944
34.0,9.0,0,0,0,-0.7215274503038203,0.0,1,0.06355003564222453,0,0,0,1977
34.0,9.0,0,0,0,-0.26265583117492475,0.0,1,-0.03573724355412595,0,0,0,2008
34.0,9.0,0,0,0,1.3402113178395996,0.06,1,0.08250298093978205,0,1,0,1981
34.0,9.0,0,0,0,-0.2598762442860018,0.0,1,-0.0858350252498905,0,0,0,2009
34.0,9.0,0,0,0,-0.6902685997193716,0.0,1,0.11199350472054799,0,0,0,1975
34.0,9.0,0,0,0,-0.4396998108408381,0.0,1,0.03437600364433493,0,0,0,1988
34.0,9.0,0,0,0,1.6967582388920501,0.0,1,-0.016107504455509094,0,0,0,1957
34.0,9.0,0,0,0,1.6965716539566718,0.06,1,-0.039336429044435635,0,1,0,1956
34.0,9.0,0,0,0,-0.3920746389572683,0.0,1,-0.07804575475155635,0,0,0,1996
34.0,9.0,0,0,0,1.3402113178395996,0.06,1,0.11085192792834314,0,1,0,1980
34.0,9.0,0,2,0,-0.7272455861026959,0.06,1,-0.02554004613656112,0,1,0,1958
34.0,9.0,0,1,0,1.3402113178395996,0.0,0,-0.062297402853840715,0,0,0,1949
34.0,9.0,0,1,0,-0.7233554920131523,0.0,1,-0.04353691300301909,0,0,0,1974
34.0,9.0,0,0,0,-0.43667341806283294,0.0,1,0.050485905261401134,0,0,0,1989
34.0,9.0,0,1,0,-0.6981570465625885,0.0,1,-0.04546018250763361,0,0,0,1978
